node_id,tipo,etiqueta,n_comentarios_totales,n_videos_comentados,channel_name,category,view_count,n_comentarios_recibidos,n_autores_unicos
UCdFlugHJJa4l3YqWuNRmvXw,autor,/@MarcosCarillo-b1r,2.0,2.0,,,,,
UCvl1tzQeBeGy6efPTRJXSCw,autor,/@RaulPerez-cw2vi,1.0,1.0,,,,,
UCRAquv8el-tQ30bN7MlmySQ,autor,/@iamjimalesssa,1.0,1.0,,,,,
UCkbsS_3D-pvg1iHOld9uvIg,autor,/@gonzalo6075,1.0,1.0,,,,,
UCOLHH4ZpMxPYF-Q6e6wvn5A,autor,/@luisroldan7374,1.0,1.0,,,,,
UCi2KiZq63sRq8Mfbcp-MelQ,autor,/@eugeneramirez4405,6.0,1.0,,,,,
UCXl30Y_upRqbti52fmjK4YA,autor,/@capitanfrans,1.0,1.0,,,,,
UCRelkU8JiZBytTzebJxaa-w,autor,/@danyraymundo2942,1.0,1.0,,,,,
UCgLurCo-e019HGODcjXHWCw,autor,/@perritojuega1,1.0,1.0,,,,,
UCDIMztpVm7G27qBuiWuT6oQ,autor,/@lizardomorataya8274,1.0,1.0,,,,,
UCZOmq6MwFDVoCaEl99BRRaw,autor,/@daniloarevalo3170,1.0,1.0,,,,,
UCFybmWapGvBKcQod7cPPH9w,autor,/@vitalianochavez8382,1.0,1.0,,,,,
UCh5ESQvtzyHDhCA7XyekCFA,autor,/@andyB5280,3.0,1.0,,,,,
UCWIZUtKJ636y-4TYrNvok0g,autor,/@cesarandreas7824,1.0,1.0,,,,,
UCzoL2l5H5eVlorWGH8AZfAg,autor,/@jor77cas,1.0,1.0,,,,,
UCKVzDUqbtdSMBcexaEtMmzQ,autor,/@rotorairgroup8409,1.0,1.0,,,,,
UCNpt5CQlTzNjlAKY6CJtClQ,autor,/@eustaquiogomez9975,1.0,1.0,,,,,
UCut6b9S98nv84cVX89PmKzA,autor,/@yeniferaguirre4498,2.0,1.0,,,,,
UCQyOePccUP-fIJYzchAgZYw,autor,/@aguilar4254,1.0,1.0,,,,,
UCOLGv5Pf6BF2wFcwUzgcvHg,autor,/@welfrealdana5559,2.0,1.0,,,,,
UCAxvOOHQk7dYPOajzFEVtbA,autor,/@ruddydepaz322,2.0,1.0,,,,,
UCQ_-LPP8JAbfkc-b1Q6NvWw,autor,/@MegaKristenstewart,2.0,1.0,,,,,
UCXmrpc6Li0spcKxtS0Q_ptg,autor,/@melvinperez6710,1.0,1.0,,,,,
UCZ51R_9Q9C0c8I3pAWhtmjQ,autor,/@belvettzapeta1251,1.0,1.0,,,,,
UCPLW0HE3siElqCgXfgWxMqg,autor,/@elizabethmonterroso7719,1.0,1.0,,,,,
UCxhtlxPV8AYWaNNyU6S9H8Q,autor,/@WilR-s8r,1.0,1.0,,,,,
UCvcu1kR8xMYy_I1Ty-2mV2Q,autor,/@hashojea7348,4.0,3.0,,,,,
UCaKAjTW9MVub_clgr4DRYjQ,autor,/@josecastillo4390,1.0,1.0,,,,,
UCxff05WuyvwELNITi7bj7UA,autor,/@markoherrera,1.0,1.0,,,,,
UCZLG9qH0tUjNhEGFIUt0CYw,autor,/@SoniaMarroquin-y6e,1.0,1.0,,,,,
UCwgCc9Jd_gG-uLE_SY-FfPg,autor,/@armindapenados2841,1.0,1.0,,,,,
UCXSkL3ejZ8qWYyF_M7s_QKA,autor,/@JacintaTzoy,1.0,1.0,,,,,
UChs3tU2BcKOT0CezykvAsGw,autor,/@byronpontaza,3.0,1.0,,,,,
UC6PvO1_k5lHKGdAPo5_C6TA,autor,/@johnmejia992,1.0,1.0,,,,,
UCwxoKK59nGCeBqB2sXfDBIw,autor,/@vic-bonivideos,1.0,1.0,,,,,
UCWaRixDdpgllTBf4V0jPnKQ,autor,/@hectormaaz5523,2.0,1.0,,,,,
UCkVtmkK07b2zaVVNssX4lOg,autor,/@HectorElias-u2l,1.0,1.0,,,,,
UCN6qbfPSzFtjhqUDZ3Cv3CQ,autor,/@carlosmedranovelasquez6380,1.0,1.0,,,,,
UC95PSMouTx2N5CbSq0hIyrQ,autor,/@lisss1908,1.0,1.0,,,,,
UCueV9cTyTDwgQSec1x2dYgA,autor,/@fredydomingo7062,1.0,1.0,,,,,
UC5H8ASmMC9WrURmzeB4ySog,autor,/@ManuelEdran,5.0,1.0,,,,,
UCHhHUjaMAZ8SiXdCUCj9DkQ,autor,/@fredymendez1786,2.0,1.0,,,,,
UCgvw7xIdGFupzpt1Y_BFkEA,autor,/@fredygarcia9151,1.0,1.0,,,,,
UCeDNEtI8_a42bZ47wJiJMwQ,autor,/@EdgarcalderonCalderong,1.0,1.0,,,,,
UCiOZX__1gahg1ypIj0_XG_w,autor,/@mariogonzalezorellana8956,1.0,1.0,,,,,
UCqCrvuoJpC-aVb0f4logQRQ,autor,/@Lyrics_GT,1.0,1.0,,,,,
UCld2stqxaVSk0QdGncM224A,autor,/@sarahernandez3873,1.0,1.0,,,,,
UCpIdtvoFHVLGASGB5ySqIEA,autor,/@VidalVillatoro-p4w,1.0,1.0,,,,,
UCtiHFjFu7d5v2XxHnKFUYig,autor,/@Paul-gf7ec,1.0,1.0,,,,,
UCQM2tCKRRytVDRxNUfCDqQQ,autor,/@elioelias7267,1.0,1.0,,,,,
UCWvntqPQx99k_Z_skWKqNSA,autor,/@AntonioChiyal-x5s,1.0,1.0,,,,,
UCoGdCoJg2Lh0OX_jv6cG16g,autor,/@Israel-u5i7i,2.0,1.0,,,,,
UChgkn5Jt5tWKYMoEOuCjz3Q,autor,/@pablochitay46,1.0,1.0,,,,,
UCiC-Jn7wdgyQV4_Urk0DkWQ,autor,/@pedroros6358,1.0,1.0,,,,,
UCQIdKuZ-OzuFqy0KjGrgesg,autor,/@lyacausa,1.0,1.0,,,,,
UCXr8_5WtGeipe4haOoQDgyQ,autor,/@amyherrera7352,1.0,1.0,,,,,
UC_3xuTXvMIWU5MYP9HkJ3vQ,autor,/@Historia-wm4os,1.0,1.0,,,,,
UCFjudnPLoaSL1BaRuLahyHg,autor,/@HaroldoCastillo-rh9iw,3.0,1.0,,,,,
UC-pNP6RMFuLg_-x7Ah_0kEA,autor,/@almacatalan2717,1.0,1.0,,,,,
UC1Y7x3h0c95Z8kUhi-Tzaeg,autor,/@rosadiaz9235,1.0,1.0,,,,,
UC1WlJfQmaIskYhP4gmWoamw,autor,/@marthareiss5434,1.0,1.0,,,,,
UC3MYTqpQqlWBuCB7Th0e0PA,autor,/@isaaclopez7220,1.0,1.0,,,,,
UCOcUI5XkTYNMSFhZNMIPpGg,autor,/@hendersonlopez3864,1.0,1.0,,,,,
UCOS8ViEkccrTZx2w2ccxotA,autor,/@OscarHernandez-q8y,1.0,1.0,,,,,
UC3iIU62XKUOWuqL8BqBzj9A,autor,/@antonioduarte2288,1.0,1.0,,,,,
UCV3fr-YOixFKCZBbJP1-X4w,autor,/@albertoshernandez5251,5.0,1.0,,,,,
UCmjppp6ujz3SAnULvP3sZMw,autor,/@marcomendez7509,1.0,1.0,,,,,
UC5PyGvSfFM--OVKmQ3COu6g,autor,/@FreddyGmez,1.0,1.0,,,,,
UCQqetiwzzmRNTM5OWuXarGQ,autor,/@isaiaslopezvelasquez1539,1.0,1.0,,,,,
UCCaYwkkbQGcvFoUmothVdQQ,autor,/@OsvaldoAguirre-l3i,1.0,1.0,,,,,
UCQgYjVngJRfPHDLGB5X6ZjA,autor,/@oscarnavas9996,1.0,1.0,,,,,
UCN2N_wYOw6fMwCeSzdXLPIw,autor,/@danielantoniogonzalezflore4901,1.0,1.0,,,,,
UC9vMq1YF-e7C-VO0SHkbUTA,autor,/@ErvinLeonardoCarreraLat%C3%ADn,4.0,1.0,,,,,
UC8F2V63KZ4ZEay6opX2hAQw,autor,/@carmenr6311,1.0,1.0,,,,,
UCheEJ5GZuIvV0fj-nXyVwXw,autor,/@rosaoliva9389,1.0,1.0,,,,,
UCujPF2nBgsTD62nWE3lcpIg,autor,/@victorarturoruanobautista7588,1.0,1.0,,,,,
UCV0iizTBoOfdAFX_thfI9BA,autor,/@BenjaminLarios-jd8nk,1.0,1.0,,,,,
UCp29O_C7cchZV8IxV7Crdag,autor,/@robertoescobar5507,2.0,1.0,,,,,
UCkxdJ_yGN2gghOMo2ybQtXQ,autor,/@11223344An,1.0,1.0,,,,,
UCjZgFEowMBrsjodqfovzdKw,autor,/@franciscoflores3120,2.0,2.0,,,,,
UC4wq3DcbfaG6dtCqn8Oyu3w,autor,/@hugoasencio7764,1.0,1.0,,,,,
UCVC2QugcI1G4RvlCiUqd1aQ,autor,/@rwdm76,2.0,1.0,,,,,
UCXVLc8CmAO813ubM-fLvCDw,autor,/@herminiasaquimux7565,1.0,1.0,,,,,
UCwW2OFy95P7ZBkOPxWkpvYg,autor,/@TeresaLucero-b5o,2.0,1.0,,,,,
UC3XTwHxygNCgjndsg-UiCQA,autor,/@marioajset4283,3.0,1.0,,,,,
UCgQw_Sbq3ugruDUKsq1e0-A,autor,/@marlenareano-h4t,1.0,1.0,,,,,
UCL13XhnRzbGokEkCkEOb0-g,autor,/@raquelprado3643,2.0,1.0,,,,,
UCQtSFINs1h6GHkpg9o5kMvg,autor,/@MacarioMartinezruiz,1.0,1.0,,,,,
UC2ngpd8UBQu4gcUYy0goAtg,autor,/@juliohernandez7438,1.0,1.0,,,,,
UC7IMsCxfZyWN7YQo8-JYa6Q,autor,/@Burgos68,2.0,1.0,,,,,
UCzSfZlOVxBSs5ObD25ywxDQ,autor,/@GilmarMaldonado-q9m,1.0,1.0,,,,,
UCLFdHr9BEbXHkoJopbEPLZw,autor,/@kanterra4584,2.0,1.0,,,,,
UCNkcuy42zEwddwEcOd_HpnA,autor,/@vanigomez492,1.0,1.0,,,,,
UCJp3OrVYcBorC94sKwdch_A,autor,/@ULJoshmg2011,1.0,1.0,,,,,
UCLh1Kde4_vI1sTZBkTNP7RQ,autor,/@JoelReynoso-d4r,1.0,1.0,,,,,
UCThW2XNsAaBKme5PUt7n-Zg,autor,/@thelmamoran8565,1.0,1.0,,,,,
UC6YSZqL0vEcI-niPKIMUGfw,autor,/@maxwellsales885,1.0,1.0,,,,,
UCNBnKqWf4d-rS4HwJRQljmQ,autor,/@LE_A22,2.0,1.0,,,,,
UCO0zwwLWGyDgQmWPJ5Qrr1w,autor,/@elsalvador3605,1.0,1.0,,,,,
UCwjUvRseNtJoItylIyIez7Q,autor,/@Silviazea,1.0,1.0,,,,,
UCTwSut16JyAg3mX6LVUNGqA,autor,/@SuperVictor2005,1.0,1.0,,,,,
UCLggDc_a5HriXv7I1h02sOA,autor,/@guillermogonzalez5153,2.0,1.0,,,,,
UCwO2SXr0ggzwg6QWWrr01nQ,autor,/@ricardofigueroa5720,1.0,1.0,,,,,
UC816IGbFCZinfYS1LRDaaHg,autor,/@ingenieroar,1.0,1.0,,,,,
UC3qn1yJA5PeW9rkGPatQxiw,autor,/@VICTOREST19,1.0,1.0,,,,,
UCaT4saRcyqCLE657Rq2hhZQ,autor,/@elmilenial4064,1.0,1.0,,,,,
UCc_F88PzGWtA1OPNUEASulA,autor,/@rockyscarlet,1.0,1.0,,,,,
UCErZPJpHmLCsXs8ZWkAUupQ,autor,/@dorisl.garciaroche7763,1.0,1.0,,,,,
UCFOxCyF926Y9eHhMeVoWLzw,autor,/@arielsarc09,1.0,1.0,,,,,
UC72gBAtyb_VXQlYDcFrh6oQ,autor,/@osmanmorales3012,3.0,1.0,,,,,
UCi1b_TRQfgO1Z9O2gNGGWNA,autor,/@davidisraelesquitsaquil,2.0,1.0,,,,,
UCBlm80VQ4YoV3bUJR_XhkaQ,autor,/@rosadiaz6945,2.0,1.0,,,,,
UColMq7LmaoY3MT6aIDGrGvA,autor,/@quijotachapina1,1.0,1.0,,,,,
UCat2qkYvqmtDNEmo2PVuhXw,autor,/@DoraSalas-j5o,1.0,1.0,,,,,
UCSTAUWVc1_82DHYeqOsqEFA,autor,/@TheAlexX_C,1.0,1.0,,,,,
UCcFIBN-rtC3d3hXeuN5TfWw,autor,/@DenisRMC,1.0,1.0,,,,,
UCV0lM03g5fg5pbPj97-sAtA,autor,/@genarodelgado3929,1.0,1.0,,,,,
UC_ljZ1hZXR9pzexFz87P5ZA,autor,/@ChRiStOpHeR7969,1.0,1.0,,,,,
UCLXYp1Cvc5DLtq5UQL5D9vw,autor,/@jorgecifuentes-m5g,1.0,1.0,,,,,
UCfjhejO7LZy4doXURa7LZCQ,autor,/@HonwayLee-z5g,1.0,1.0,,,,,
UCplrIQtaPj6au60_f2-mOYw,autor,/@romeolopezherrarte799,1.0,1.0,,,,,
UCql1n3Ey6ULMSOACjMe-fxQ,autor,/@RolandoGonzalez-o7g,1.0,1.0,,,,,
UCZFQwqh90apuL8eFhvRBkUg,autor,/@luisricardo9671,1.0,1.0,,,,,
UCyJhqmMbsvjpoarBBStA2kg,autor,/@Murmullodelbarrio,6.0,1.0,,,,,
UC63tFvbQ_hJhGDi2nbjssjw,autor,/@AbigailRodas-w2r,1.0,1.0,,,,,
UCtCtts20bW6F9CSohau51Iw,autor,/@carlosgranados9875,2.0,1.0,,,,,
UCcfdg8crmMJwEuLUsAhV7yg,autor,/@RolandoRaguay,1.0,1.0,,,,,
UC6Uj1FT5JjDSF8vudvDxPAA,autor,/@alfredoortega9264,1.0,1.0,,,,,
UCj-LL25XJnjxepPKCc3NGog,autor,/@anaaguirre8985,1.0,1.0,,,,,
UC1DpqK6vaPEkBOMNvypsKYg,autor,/@HectorCarranza-u4j4o,1.0,1.0,,,,,
UCpsKOkt5iWTbenzeuq7dsmQ,autor,/@inge_vergueta,3.0,3.0,,,,,
UCDftMWXQoJ6nONfY7GVOVjg,autor,/@luisgpacheco5858,1.0,1.0,,,,,
UCYwpX26TrCxq8TvbKGRYLXA,autor,/@beneficioelcaminovillacana8540,1.0,1.0,,,,,
UCUIIIPTVDVHAXqhC_5V6lPA,autor,/@gorrarota,1.0,1.0,,,,,
UCzZ6dDCEsLMXbc5pCFXIprw,autor,/@josegil3813,2.0,2.0,,,,,
UCNIeXbV_mEwpa412h1aqUWw,autor,/@juandeleon9060,3.0,1.0,,,,,
UC_6KbBY1bsYXz9fwFS0eQRg,autor,/@imrcp5694,1.0,1.0,,,,,
UCDQaQv0hr2SS_PO-CMEwVHg,autor,/@federicosaquimux1933,1.0,1.0,,,,,
UCefAH1MbvADWUjE9WVcB9EQ,autor,/@jabriz8152,1.0,1.0,,,,,
UCEHXl4VvvVpq-_4xC5tsbhg,autor,/@anibalg47,1.0,1.0,,,,,
UCeQk-WfEA-cJRq4EKeE7TOw,autor,/@franciscojuarez9223,1.0,1.0,,,,,
UCkd9W714-947dEE6ZOEBATA,autor,/@ARGELIATELON,2.0,1.0,,,,,
UCljDbleJul41G1TzOjOZAVA,autor,/@hectorcarranza3777,1.0,1.0,,,,,
UCGGHbtfbbe0o68etrOf0qxw,autor,/@karensussetteleonvargas9794,1.0,1.0,,,,,
UCVdjCrh4tQoX3haNAZv-n5A,autor,/@aurahernandez5646,1.0,1.0,,,,,
UCZeIIQrGAedW8tCbKWmGY-A,autor,/@mariocordon8873,1.0,1.0,,,,,
UCFUuDARXdmmIrLppEqf-rFg,autor,/@allanmunoz7410,1.0,1.0,,,,,
UCCUmP4PlbwgikVFpYwbtRTg,autor,/@alhvi,1.0,1.0,,,,,
UCfXykdbSU97rj987LDUGfvg,autor,/@MariaSantos-c8y3h,1.0,1.0,,,,,
UC4Avya4kmR4Q0FrfFdBozSQ,autor,/@davidlima1348,1.0,1.0,,,,,
UChep9kVb5gQmpodEEl10Xlg,autor,/@carlosaguilar-kz7ml,1.0,1.0,,,,,
UCtsxPYw8VUsH_FfnKg-0lmw,autor,/@AlejandroP%C3%A9rez-b6r,1.0,1.0,,,,,
UCRlCV9zSn7avAWh-9_XFWqQ,autor,/@ronyarana8849,1.0,1.0,,,,,
UCfo_yUPzy1f1POwwZxhZ06Q,autor,/@lara11roberto,1.0,1.0,,,,,
UCTylKrsqkrBKIqubMu_5N0Q,autor,/@edwingeovanymarroquinmarro6684,1.0,1.0,,,,,
UC5hvEnRUzI4Kfvwnyi4QxqQ,autor,/@leonelsantizo5281,1.0,1.0,,,,,
UCVhif9eV0f8plICen2DnpKA,autor,/@blogarteplus,1.0,1.0,,,,,
UC1vr9aaMI2crB0NvwFHUeoQ,autor,/@JoseSimilox-p6e,1.0,1.0,,,,,
UCEgEQmRbtL5fwr9_DqAC--g,autor,/@ArielRodas-g5y,1.0,1.0,,,,,
UCIUhbSCy3-SGRe5UtqM4fzQ,autor,/@jeanmorales1677,1.0,1.0,,,,,
UCozFYHN0e_-vlQbX3wQGOug,autor,/@jesusguzman2321,1.0,1.0,,,,,
UCQMMuADgqWUOcJpLwHOzC-g,autor,/@Ripped-Yoda,1.0,1.0,,,,,
UC-QOpE7GOxlXcHZ8b7HbQKA,autor,/@mariaalexander427,2.0,1.0,,,,,
UC0RpuMwkDKJYqgKHtsJRuWQ,autor,/@sabinamarinaguerra3248,1.0,1.0,,,,,
UC-HeUTT6_g-VoiWds2a4H-w,autor,/@JorgeMunoz-gd9et,1.0,1.0,,,,,
UC2Y_EHWQKevubk4vOEBBFxw,autor,/@alfonsomorales2653,1.0,1.0,,,,,
UCwEe1RKlEv1UpNWmWYfSh4w,autor,/@marioramirez299,1.0,1.0,,,,,
UCQtICyzWmhC5woCtbNgaSmg,autor,/@nestormendez6216,2.0,1.0,,,,,
UCDlr1VadSucIZgZ171pRBjQ,autor,/@cuabatzjj5924,1.0,1.0,,,,,
UCxKR3RA8T-kxMgq_2WWhRcQ,autor,/@elenaluarca9377,1.0,1.0,,,,,
UCJxJC56BSAX-ArD0NAb9qnQ,autor,/@alfonsowilian9157,1.0,1.0,,,,,
UCqilIa8r7iek5sGYg_q6ofA,autor,/@rolandojuchuna484,1.0,1.0,,,,,
UCyor0Mmm0ivLX2jIdyGp84Q,autor,/@MiguelJordan-n3g,1.0,1.0,,,,,
UCpe5jW3MIqkgTJ-PgkzvM6Q,autor,/@carloslam5333,1.0,1.0,,,,,
UCz3gu01bmjNv0DpRq-K3XYg,autor,/@eusebiovasquez4385,2.0,1.0,,,,,
UCuXmOjxC-htcprLgeVXz6Tg,autor,/@jorgeaguilar-bq3uj,1.0,1.0,,,,,
UCySYJU5kUh7X8gVt9la2ISA,autor,/@dantesarti4351,1.0,1.0,,,,,
UCHTGCgY2l-DQJIvlA_cpa_Q,autor,/@virgiliogarcia3039,3.0,2.0,,,,,
UCPNXmbOBVeC4HS-xemvcPtQ,autor,/@BelkisRodriguezRamirez,1.0,1.0,,,,,
UCtUR3_CAiE7fCoZHM6cMfyQ,autor,/@mdelcid01,1.0,1.0,,,,,
UCGj2v6Gl5bN8NSrzJMXS-CA,autor,/@juliogutierrez492,1.0,1.0,,,,,
UCbrtvygfRT6QXqWDNrOf-cA,autor,/@Alejandro00710,2.0,2.0,,,,,
UCOh6DaZC_x9HASnlRylEMfw,autor,/@AndresMedina-v1s,1.0,1.0,,,,,
UCL1MT278vSaQ83ZDkVWn1gw,autor,/@elmorodriguez6978,1.0,1.0,,,,,
UC8G5cJONY8L9voMyBW8Eoug,autor,/@luisparedes-pw6qt,1.0,1.0,,,,,
UC7VUuJr9cGh845CmTvf7TlQ,autor,/@LuisCastillo-oz4df,1.0,1.0,,,,,
UCFhxtoeARHPnXXPcDrOU3Xg,autor,/@diegoalejandrolopezmendez205,1.0,1.0,,,,,
UCAlzM_N6xBlMYmM8EBzX86Q,autor,/@carlossoto3252,1.0,1.0,,,,,
UClqA491Xa5fQcXcJJa-vTWw,autor,/@AndresLemus-k2d,1.0,1.0,,,,,
UCvDwJBBY1mHK70aTEYl6rsA,autor,/@cristianescobedo8296,1.0,1.0,,,,,
UCWWkebAekppaL5b5CNlppuw,autor,/@ninettmartinez425,1.0,1.0,,,,,
UCjmPuazZJzscrwvk0QR9RVw,autor,/@mynorrodas8591,1.0,1.0,,,,,
UCipetjeiWj4CZB6EbyYziZg,autor,/@OseasSamayoa-ol5rz,1.0,1.0,,,,,
UCZIQnb1fkwe39Iw2TAu-bGA,autor,/@jorgegomez2237,1.0,1.0,,,,,
UCTP3O0rMnc8z8v8jaDQwL0w,autor,/@RobertoZelaya-x1v,1.0,1.0,,,,,
UCsUCN0Yq_UyTvKjOJLmNrnQ,autor,/@moisesvaldez4043,2.0,2.0,,,,,
UC3UVO7pTbeYvZ3ILEyRDskQ,autor,/@rosaelenaargueta79,1.0,1.0,,,,,
UCuP4UK33HKtJE_S39ksmaTw,autor,/@herbertaguilar1387,1.0,1.0,,,,,
UClsrFGJKWPxxw7MiaEdKLXw,autor,/@ericapaz5406,1.0,1.0,,,,,
UCg3eIfd7BrsLEqS0BLkftHA,autor,/@ErmeP%C3%A9rez-q4s,3.0,1.0,,,,,
UCq3mDTTRZnUybct5M9OSXbg,autor,/@MacoMorales-i2i2d,1.0,1.0,,,,,
UCGzXwyCzMzGmjmCbH3Hg01Q,autor,/@FidelZacarias-ph7dy,1.0,1.0,,,,,
UC0HvfEWozTHbwl_iEmJNvVA,autor,/@OttoPalencia-b7r,1.0,1.0,,,,,
UC14qlobYKqD-DO0j6b75lcA,autor,/@megavision4488,1.0,1.0,,,,,
UCiGRBf2RNF0WRKhRVT7zFoA,autor,/@edwinavila4876,1.0,1.0,,,,,
UCa36MjQLoPAmgJo-R3G8WQA,autor,/@elsasalguero6914,1.0,1.0,,,,,
UC3YpzAr7pcdKC7BVFEpYzog,autor,/@carmenfigueroa1232,1.0,1.0,,,,,
UCQqlPPUGqAfWjd-FSh_qn7Q,autor,/@estuardoargueta137,1.0,1.0,,,,,
UC8r11yOugM2NuRfitQOxLLg,autor,/@cesaraugustomoralesmonroy6907,1.0,1.0,,,,,
UCusjriFsDHEc2AOjqk-p5ig,autor,/@pablobarrios7931,1.0,1.0,,,,,
UC5fvhAfm89JH8eDFdvc0xYw,autor,/@isaidiaz2388,1.0,1.0,,,,,
UCAV7QIjYhbDJaycQycM_0eQ,autor,/@mariavail8998,1.0,1.0,,,,,
UC3E9mAgP7VoAE5mZoAexl5g,autor,/@EnnioAroche,1.0,1.0,,,,,
UCB5p8a5gklc80jJItP6xTHg,autor,/@ernestogamboa8737,1.0,1.0,,,,,
UC1NiEdJ7gk6FlDexIalWnGg,autor,/@BorisTebal%C3%A1n,1.0,1.0,,,,,
UCdQAuWwyC99MB7Y02Umj26Q,autor,/@miguelbran1268,1.0,1.0,,,,,
UCtowGNY2lnlg6O2CkwDgkLg,autor,/@taniagabrielacelis8434,1.0,1.0,,,,,
UCp_dAUfv8i3LW3zWc24dLaQ,autor,/@MarioCortez-o6v,1.0,1.0,,,,,
UC_NRVt2UP88ZNTwzrZ66JSg,autor,/@aditalissethevasquezrojas8039,1.0,1.0,,,,,
UCylqlpsh8ENNM1LqgQ1KbxA,autor,/@Jel.Awesh.M,3.0,2.0,,,,,
UCRvPToDkkumha7WJAfCDk1A,autor,/@ligiaguerra3057,1.0,1.0,,,,,
UCPZueDLrCS4BmTBRMA4q0fA,autor,/@kevinochoa3695,1.0,1.0,,,,,
UCHMQ_lDhibZ-XZ_3fo6oxwg,autor,/@crislexrubi4387,1.0,1.0,,,,,
UC7dadZG7kkGYnsNu6td0FbA,autor,/@lesolorzano,1.0,1.0,,,,,
UCrJn_rbo_ENAdeqneS-RmRw,autor,/@josecarrera9623,2.0,1.0,,,,,
UCFFrEmn6lPYiWyElpfzTy5Q,autor,/@denilsonlopez4083,1.0,1.0,,,,,
UCNiMNUJvaRJb0_QLClqwVnA,autor,/@Santiago.Nolasco,1.0,1.0,,,,,
UCs_5qeqdku9tGAq22y3OcuQ,autor,/@alexandrevasquez4135,1.0,1.0,,,,,
UCCBYcToQ2dwkd6TJh0FSyDg,autor,/@lidiarodriguez3493,1.0,1.0,,,,,
UCxcoDvP-g2_KTZDmVZtvb3w,autor,/@angelmartinez9523,1.0,1.0,,,,,
UCW-JC6lebVmf2P1dmY_L94g,autor,/@dinoraoroxon5771,1.0,1.0,,,,,
UCgJNFj5dnxXpcMvmuhZDPxA,autor,/@NataliaRodriguez-rx5mr,1.0,1.0,,,,,
UCFoIAE8k82D6AV-8gjjKaNg,autor,/@eddymunoz9789,1.0,1.0,,,,,
UCe8JZoYkX5oKUZyivHYdXhw,autor,/@FernandoGarcia-jg1fj,1.0,1.0,,,,,
UCnU8wO1OurAmGstDw6VGjgQ,autor,/@cmorera21,1.0,1.0,,,,,
UCf5lnNZF7Qrtli9v4N_23WQ,autor,/@CarlosCortez-v5r,1.0,1.0,,,,,
UCW80DaMjQlEUibC98Cot-Dg,autor,/@rogeraldana4289,1.0,1.0,,,,,
UCDrmf9y9nLgFY5wnA2hTuGA,autor,/@laboratorio5528,1.0,1.0,,,,,
UCTD6q1nyIe3Y7HhqjaMj72w,autor,/@JuanChang-r6k,1.0,1.0,,,,,
UC0aEyakBPqcBkVJiErfSupQ,autor,/@jhonymanuel9891,1.0,1.0,,,,,
UC650pRT-OYzny3GwOH8Cgfw,autor,/@edvinparedesherrera7632,1.0,1.0,,,,,
UCWoAVGVqCn4xtINCMOTM4jg,autor,/@OmarMartinez-vv8re,1.0,1.0,,,,,
UCDPWkUX3sNNaCx-m1dV4glA,autor,/@hectoroliva949,1.0,1.0,,,,,
UCsGoJEvb-cFPZ2rWoJcXzEQ,autor,/@sergiohinestroza9709,1.0,1.0,,,,,
UCXXh7yg5KUFIWylTiKVEFKQ,autor,/@MrDuenderojo,2.0,1.0,,,,,
UCfM3nrxtTQMY5jFx1v1J4Gg,autor,/@edgarroldan5539,1.0,1.0,,,,,
UCp4iw5_5SmV9VGTFSNVGOmQ,autor,/@CARLOSSTREMS51,1.0,1.0,,,,,
UCIp19h9igblA2YKfSLPDAug,autor,/@JoseReyes-rn6sh,1.0,1.0,,,,,
UCwha8rxULYMVtNwZWeSkE1A,autor,/@mariasamo8637,1.0,1.0,,,,,
UCHbwIx9pmQuf7i-4_xO2EpA,autor,/@caminoseternos752,1.0,1.0,,,,,
UCu8_3-Wg-YzNyvHYQDEscfw,autor,/@RolandoCastroP%C3%A9rez-d7y,1.0,1.0,,,,,
UCIgoiXdIKJyUGmUoH2Lxdzg,autor,/@susievidal4134,1.0,1.0,,,,,
UCXN2s7DwTJm33xO-pNkAdaA,autor,/@edithsan7688,1.0,1.0,,,,,
UCgLrWFdYitoP-b7-PxtUr-w,autor,/@zetag,1.0,1.0,,,,,
UCAKuKvcbfnBD3kF5njNu-IA,autor,/@melvinlopez7096,1.0,1.0,,,,,
UCFxE8GbokBrBsPEKM1xrOjQ,autor,/@JuanDavila-qd7qj,1.0,1.0,,,,,
UCk4O-J1BhoqPmig1KLGJePA,autor,/@lazarobarillas3575,1.0,1.0,,,,,
UCUoYsrx1oZnCZ0usbBJn4fA,autor,/@AnaDiaz-re9sq,1.0,1.0,,,,,
UCHu8x4MVkayU6VgwVKd--MQ,autor,/@Hernandez-i1o,1.0,1.0,,,,,
UC-jS_kA9w-OmpupXDx156Rg,autor,/@simoncreyesc7579,1.0,1.0,,,,,
UChT7pzGytNd92Nmvi-zuWog,autor,/@sparkvalkov,1.0,1.0,,,,,
UChZknRmJkeGeQk0-mQuhDOg,autor,/@OdilioRodr%C3%ADguez-c5w,1.0,1.0,,,,,
UCOARn3hnfkB7-_Rwa8Hoqcw,autor,/@nicelol5241,1.0,1.0,,,,,
UC9Wp6vL5oCU37qC3Aj94WZA,autor,/@ManuelSanchez-b8q2z,1.0,1.0,,,,,
UCIXLDYqR_syskKRJy_x9W9Q,autor,/@carlitosramirez4739,1.0,1.0,,,,,
UCYN4wSQ1Sx4_LurxLlW7MPg,autor,/@belarminavillatoro6474,1.0,1.0,,,,,
UCTTILH6QCIxbTnEWxwRqs1g,autor,/@3762Jorge,1.0,1.0,,,,,
UC5bG9nc_JV3FsNP2KseQiYw,autor,/@giovannirodas4836,1.0,1.0,,,,,
UCKDR0f2fu2UzWL8mBv5-BHw,autor,/@mireyamorales6595,1.0,1.0,,,,,
UCbYoNG5J3Au5BqtbXogfEFw,autor,/@Luis-gn3fj,1.0,1.0,,,,,
UCl0ekS9Tt0jJGtOEM18S63w,autor,/@monkchapin,1.0,1.0,,,,,
UCVQf0tzL7xRzFJsABVVULpg,autor,/@DennisseLopetegi,1.0,1.0,,,,,
UCsSXdJct-nsS8DsABoEsaYA,autor,/@Iv%C3%A1nP%C3%A9rez-j4j,1.0,1.0,,,,,
UC9xr9QvIcDvoZNUX5f-jaZw,autor,/@MariaaliciaColonmorales,1.0,1.0,,,,,
UCpl8rF8uv_8uui-QRvuJaRA,autor,/@SergioGarcia-z9c,1.0,1.0,,,,,
UClhMWQ7XKWywYvbRnuf8QsA,autor,/@EcPerez-zz9oh,1.0,1.0,,,,,
UC4kg7zuTfqQKLd2bkZrSYBA,autor,/@zoilagarcia9019,1.0,1.0,,,,,
UCbNanjFI51cwGqMAb2rOrBw,autor,/@RosaMontesdeOca777,1.0,1.0,,,,,
UC2weSE8rpqkGMOp6StYtVfg,autor,/@katerynsantiago2907,1.0,1.0,,,,,
UCyzf29IYjNw67gGIfsjgtxA,autor,/@carlosoliva9249,1.0,1.0,,,,,
UCaT6M2zp7X6r6Whd8Vv3kHQ,autor,/@alexarcos8349,1.0,1.0,,,,,
UC3NMzdMYryaw82kPTnsaljg,autor,/@marisosa7832,1.0,1.0,,,,,
UCSou6a2OuYGSvPjm5psquyA,autor,/@FranciscoRivera-sf7ne,1.0,1.0,,,,,
UCtNyHmRZtvGF2hSvI2dUBWw,autor,/@aureliomaldonado4793,2.0,1.0,,,,,
UCGqKxQS-z3NZzZF-2w338AA,autor,/@samuelaguilar529,1.0,1.0,,,,,
UCXO1BBohNWXkK9SBDAG2ySg,autor,/@JBFlute92,1.0,1.0,,,,,
UChyps3dqY-VY1_wLeq-2lhw,autor,/@maydamorales4395,1.0,1.0,,,,,
UCXgr7vXlRrsaskPdo097kGA,autor,/@Rogergh-nw4oj,1.0,1.0,,,,,
UC4cXueR2bKGFJV0Fk76gwmA,autor,/@aluxdel4792,1.0,1.0,,,,,
UCmvOgzmmXbjUthHy-WJ52hQ,autor,/@mariorodas593,1.0,1.0,,,,,
UC6xI_MOaxajIWpoP8BH6E_Q,autor,/@jahirdiaz5862,1.0,1.0,,,,,
UCtMBF_1O2jY2INlb_luuB_A,autor,/@mynorgudiel8646,1.0,1.0,,,,,
UCrqXyRsg-_hTosURZ-uvoKg,autor,/@flornolberto2425,1.0,1.0,,,,,
UCGZMgmM92E3njyXNe9-kjAQ,autor,/@pasionpornada,1.0,1.0,,,,,
UCOY3XpD9qMCRSA8AA8c4CAw,autor,/@franciscorodas9686,1.0,1.0,,,,,
UCfRqgt2O-vjzUDMZY_tnxQw,autor,/@Williams-Garcia67E,1.0,1.0,,,,,
UCjJf-AJKRFFWtiN-CSwkDmA,autor,/@2jose82,1.0,1.0,,,,,
UCBtB5dIyx-C16UN8ClUD2UA,autor,/@alexmonzon4257,1.0,1.0,,,,,
UCDUffaruH6dyUnUGwsTKpgg,autor,/@luisletona2842,1.0,1.0,,,,,
UCgGqw4aqMdMVSGkKiMgrJRQ,autor,/@pattyfigueroa5609,1.0,1.0,,,,,
UC32oozucwCF3q8d4m8fyOUg,autor,/@RauldejesusOlivagonzalez,1.0,1.0,,,,,
UCvApqeCbLod-wejtT4CcVuA,autor,/@davidgaher9550,1.0,1.0,,,,,
UCHGd14aYuZZShLD73dkk6mg,autor,/@noemiherrera3152,1.0,1.0,,,,,
UCiMythXHsw7eQEMykCdmMUA,autor,/@JavierBecerra-h6x,1.0,1.0,,,,,
UC-fiZBS5Gp1eCJd9ucgWnCg,autor,/@Tommii.10,1.0,1.0,,,,,
UC5PrBbmUlQolwqmiru7yZhw,autor,/@lazarochavez8269,1.0,1.0,,,,,
UC094EFEmMSdwVa8NQjjYBXg,autor,/@CelestinoQuej-j7k,1.0,1.0,,,,,
UCGm3gRBEHGRJYmtCryZLtDw,autor,/@Jos%C3%A9Lopez-g6k,1.0,1.0,,,,,
UCwUAv3_LpWVtTIi7lkmTL7A,autor,/@kingr4706,1.0,1.0,,,,,
UC5wuDq3U3vRAhOQI3D7gNdw,autor,/@allanreneramirezgonzalez534,1.0,1.0,,,,,
UCsJJAvrVGupdmhOqgtDp8dg,autor,/@nestorlorenzana1168,1.0,1.0,,,,,
UCtNfIBnc5S5DbbQj_yxgJTw,autor,/@JosueRamirez-ey3ih,1.0,1.0,,,,,
UC-Iul5tDYH_oiAMXQH-KaaQ,autor,/@AlbertoMancilla-p9h,1.0,1.0,,,,,
UCyW68EGZey4ao_Vf2cR5Ztg,autor,/@ZabalaXabier,1.0,1.0,,,,,
UCZjm6U576nX8WOiLhmMR3bw,autor,/@MariaNavarroYT,1.0,1.0,,,,,
UC_LYoGs5C3mbZKZuKuqYCvw,autor,/@javiercifuentesarchila6041,1.0,1.0,,,,,
UCRfkkatKrNtAARnXMMYBGlA,autor,/@BernerSoza-mg3vx,1.0,1.0,,,,,
UCA93ym2TXs_Ibyxb4Vcn-6Q,autor,/@oswaldosolis8728,1.0,1.0,,,,,
UCAmtbUiIrUIhikru0ZoTFig,autor,/@Aura-vf6dm,1.0,1.0,,,,,
UCr1emrogPKkKTs_WTtx71xg,autor,/@domingopeneleu6457,1.0,1.0,,,,,
UCRznz9-N3Qc1w-qNdLSIY2Q,autor,/@jimmygomez724,1.0,1.0,,,,,
UCY7Hq7F9Lnucf-Yr6JkHZNw,autor,/@maynorcalel1442,1.0,1.0,,,,,
UCjSKM9j0Q7HLDr1hD6D-TUw,autor,/@josehidalgo4875,1.0,1.0,,,,,
UCwCfs-2zbD5k0lG-UVg_JBw,autor,/@JessicaHuaz-96,1.0,1.0,,,,,
UC8xlJWNHz1V_W6q3fbuQH8g,autor,/@NormaL%C3%B3pez-v7e,1.0,1.0,,,,,
UCgQJgI9vu1FI2dnC9mrFthw,autor,/@srms70,1.0,1.0,,,,,
UCRETAiYdh2dL5ZxB0_N1zDA,autor,/@Joseroland21,1.0,1.0,,,,,
UCi-vPdnpQreC7BkFs40mJGA,autor,/@bryansicasales4280,1.0,1.0,,,,,
UCsjs5Hp_r86x1xbK6FAeqaA,autor,/@alvaroesquivel563,1.0,1.0,,,,,
UCRcSR3Lvn9DZAmJpVPANfZQ,autor,/@WalksandSuch,1.0,1.0,,,,,
UCGX_UbAQOXGZknv5iqklwTA,autor,/@ronaldgarcia8522,1.0,1.0,,,,,
UC-hfX8J5JPJ-dfuakzegMLA,autor,/@normaleticiaorozcojuarez2418,1.0,1.0,,,,,
j43HgwYFKfk,video,La cooptación de Walter Mazariegos en la USAC,,,Quorum,News & Politics,10156.0,50.0,49.0
06mFNPU0aB8,video,Capturan a presuntos delincuentes disfrazados de mujer señalados de cometer asalto,,,Noti7,News & Politics,6692.0,14.0,13.0
OkXlHx0hx-8,video,EE.UU. envía a mexicanos deportados a Guatemala antes de su regreso a México | Noticias Telemundo,,,Noticias Telemundo,News & Politics,14200.0,25.0,18.0
yLZS3JiEBg8,video,Arroz con pollo a la MONOPOLIO,,,Quorum,News & Politics,1954.0,16.0,16.0
n8iP75gIpmw,video,Qué rico come tu diputado,,,Quorum,News & Politics,11775.0,161.0,128.0
lj983NWyAQY,video,Plan 2032 Ciudad de Guatemala,,,Municipalidad de Guatemala,News & Politics,304089.0,25.0,25.0
ndAZjHqzzT8,video,Internet: escoger el menos malo,,,Quorum,News & Politics,717.0,12.0,10.0
6W4u8sGEnGM,video,Inician los trabajos de recuperación del Puente Belice II.,,,Gobierno de la República de Guatemala,Entertainment,11670.0,45.0,32.0
TT4qJ5FXHYE,video,"I’x K’at: el primer equipo guatemalteco de pelota maya, conformado únicamente por mujeres.",,,Quorum,News & Politics,1075.0,4.0,4.0
X_FAIef8qlE,video,Cruzando la ciudad a puro Transmetro,,,Quorum,News & Politics,1140.0,1.0,1.0
zweosulrwA8,video,Edén por Salud: empleo inclusivo para personas con discapacidad en Antigua | Super - Episodio 2,,,Quorum,Nonprofits & Activism,52.0,1.0,1.0
JkpVO1hx2f8,video,10 Preguntas a un año del Paro Nacional,,,Quorum,News & Politics,673.0,3.0,3.0
PjmxCj-a9Hg,video,Conferencia de Prensa del Gobierno de Guatemala. #LaRondaGt,,,Gobierno de la República de Guatemala,Entertainment,3628.0,25.0,19.0
b_Hkrkl3adA,video,Bloqueos en Guatemala este 31 de agosto por alza en combustibles afectan rutas principales,,,PrensaLibreOficial,News & Politics,5469.0,7.0,7.0
is3Mk5oC19g,video,Capturan a ladrón que había quedado grabado mientras robaba en una parroquia de Retalhuleu,,,TN23 Guatemala,News & Politics,4616.0,7.0,7.0
WIUZtitfLRw,video,Caminar en una ciudad hecha para carros,,,Quorum,News & Politics,422.0,6.0,6.0
3Nfp9h5avBI,video,"Noticiero en Directo 1 pm, 28 de Agosto de 2026",,,Noticiero Guatevisión 13 Hrs.,News & Politics,573.0,2.0,2.0
UhL9y3KUl8E,video,SHAI WA: la vecina queer de Casa Presidencial,,,Quorum,News & Politics,1755.0,1.0,1.0
s0eco-BofOs,video,¿Quiénes pagan más en Centroamérica?,,,Quorum,News & Politics,220.0,1.0,1.0
