author_channel_id,author_handle,video_id,video_title,weight
UC-HeUTT6_g-VoiWds2a4H-w,/@JorgeMunoz-gd9et,6W4u8sGEnGM,Inician los trabajos de recuperación del Puente Belice II.,1
UC-Iul5tDYH_oiAMXQH-KaaQ,/@AlbertoMancilla-p9h,6W4u8sGEnGM,Inician los trabajos de recuperación del Puente Belice II.,1
UC-QOpE7GOxlXcHZ8b7HbQKA,/@mariaalexander427,OkXlHx0hx-8,EE.UU. envía a mexicanos deportados a Guatemala antes de su regreso a México | Noticias Telemundo,2
UC-fiZBS5Gp1eCJd9ucgWnCg,/@Tommii.10,j43HgwYFKfk,La cooptación de Walter Mazariegos en la USAC,1
UC-hfX8J5JPJ-dfuakzegMLA,/@normaleticiaorozcojuarez2418,n8iP75gIpmw,Qué rico come tu diputado,1
UC-jS_kA9w-OmpupXDx156Rg,/@simoncreyesc7579,n8iP75gIpmw,Qué rico come tu diputado,1
UC-pNP6RMFuLg_-x7Ah_0kEA,/@almacatalan2717,n8iP75gIpmw,Qué rico come tu diputado,1
UC094EFEmMSdwVa8NQjjYBXg,/@CelestinoQuej-j7k,b_Hkrkl3adA,Bloqueos en Guatemala este 31 de agosto por alza en combustibles afectan rutas principales,1
UC0HvfEWozTHbwl_iEmJNvVA,/@OttoPalencia-b7r,6W4u8sGEnGM,Inician los trabajos de recuperación del Puente Belice II.,1
UC0RpuMwkDKJYqgKHtsJRuWQ,/@sabinamarinaguerra3248,lj983NWyAQY,Plan 2032 Ciudad de Guatemala,1
UC0aEyakBPqcBkVJiErfSupQ,/@jhonymanuel9891,lj983NWyAQY,Plan 2032 Ciudad de Guatemala,1
UC14qlobYKqD-DO0j6b75lcA,/@megavision4488,6W4u8sGEnGM,Inician los trabajos de recuperación del Puente Belice II.,1
UC1DpqK6vaPEkBOMNvypsKYg,/@HectorCarranza-u4j4o,j43HgwYFKfk,La cooptación de Walter Mazariegos en la USAC,1
UC1NiEdJ7gk6FlDexIalWnGg,/@BorisTebal%C3%A1n,6W4u8sGEnGM,Inician los trabajos de recuperación del Puente Belice II.,1
UC1WlJfQmaIskYhP4gmWoamw,/@marthareiss5434,OkXlHx0hx-8,EE.UU. envía a mexicanos deportados a Guatemala antes de su regreso a México | Noticias Telemundo,1
UC1Y7x3h0c95Z8kUhi-Tzaeg,/@rosadiaz9235,PjmxCj-a9Hg,Conferencia de Prensa del Gobierno de Guatemala. #LaRondaGt,1
UC1vr9aaMI2crB0NvwFHUeoQ,/@JoseSimilox-p6e,n8iP75gIpmw,Qué rico come tu diputado,1
UC2Y_EHWQKevubk4vOEBBFxw,/@alfonsomorales2653,n8iP75gIpmw,Qué rico come tu diputado,1
UC2ngpd8UBQu4gcUYy0goAtg,/@juliohernandez7438,06mFNPU0aB8,Capturan a presuntos delincuentes disfrazados de mujer señalados de cometer asalto,1
UC2weSE8rpqkGMOp6StYtVfg,/@katerynsantiago2907,n8iP75gIpmw,Qué rico come tu diputado,1
UC32oozucwCF3q8d4m8fyOUg,/@RauldejesusOlivagonzalez,j43HgwYFKfk,La cooptación de Walter Mazariegos en la USAC,1
UC3E9mAgP7VoAE5mZoAexl5g,/@EnnioAroche,n8iP75gIpmw,Qué rico come tu diputado,1
UC3MYTqpQqlWBuCB7Th0e0PA,/@isaaclopez7220,n8iP75gIpmw,Qué rico come tu diputado,1
UC3NMzdMYryaw82kPTnsaljg,/@marisosa7832,n8iP75gIpmw,Qué rico come tu diputado,1
UC3UVO7pTbeYvZ3ILEyRDskQ,/@rosaelenaargueta79,j43HgwYFKfk,La cooptación de Walter Mazariegos en la USAC,1
UC3XTwHxygNCgjndsg-UiCQA,/@marioajset4283,n8iP75gIpmw,Qué rico come tu diputado,3
UC3YpzAr7pcdKC7BVFEpYzog,/@carmenfigueroa1232,6W4u8sGEnGM,Inician los trabajos de recuperación del Puente Belice II.,1
UC3iIU62XKUOWuqL8BqBzj9A,/@antonioduarte2288,b_Hkrkl3adA,Bloqueos en Guatemala este 31 de agosto por alza en combustibles afectan rutas principales,1
UC3qn1yJA5PeW9rkGPatQxiw,/@VICTOREST19,n8iP75gIpmw,Qué rico come tu diputado,1
UC4Avya4kmR4Q0FrfFdBozSQ,/@davidlima1348,j43HgwYFKfk,La cooptación de Walter Mazariegos en la USAC,1
UC4cXueR2bKGFJV0Fk76gwmA,/@aluxdel4792,n8iP75gIpmw,Qué rico come tu diputado,1
UC4kg7zuTfqQKLd2bkZrSYBA,/@zoilagarcia9019,is3Mk5oC19g,Capturan a ladrón que había quedado grabado mientras robaba en una parroquia de Retalhuleu,1
UC4wq3DcbfaG6dtCqn8Oyu3w,/@hugoasencio7764,n8iP75gIpmw,Qué rico come tu diputado,1
UC5H8ASmMC9WrURmzeB4ySog,/@ManuelEdran,n8iP75gIpmw,Qué rico come tu diputado,5
UC5PrBbmUlQolwqmiru7yZhw,/@lazarochavez8269,b_Hkrkl3adA,Bloqueos en Guatemala este 31 de agosto por alza en combustibles afectan rutas principales,1
UC5PyGvSfFM--OVKmQ3COu6g,/@FreddyGmez,lj983NWyAQY,Plan 2032 Ciudad de Guatemala,1
UC5bG9nc_JV3FsNP2KseQiYw,/@giovannirodas4836,n8iP75gIpmw,Qué rico come tu diputado,1
UC5fvhAfm89JH8eDFdvc0xYw,/@isaidiaz2388,lj983NWyAQY,Plan 2032 Ciudad de Guatemala,1
UC5hvEnRUzI4Kfvwnyi4QxqQ,/@leonelsantizo5281,j43HgwYFKfk,La cooptación de Walter Mazariegos en la USAC,1
UC5wuDq3U3vRAhOQI3D7gNdw,/@allanreneramirezgonzalez534,ndAZjHqzzT8,Internet: escoger el menos malo,1
UC63tFvbQ_hJhGDi2nbjssjw,/@AbigailRodas-w2r,6W4u8sGEnGM,Inician los trabajos de recuperación del Puente Belice II.,1
UC650pRT-OYzny3GwOH8Cgfw,/@edvinparedesherrera7632,n8iP75gIpmw,Qué rico come tu diputado,1
UC6PvO1_k5lHKGdAPo5_C6TA,/@johnmejia992,n8iP75gIpmw,Qué rico come tu diputado,1
UC6Uj1FT5JjDSF8vudvDxPAA,/@alfredoortega9264,j43HgwYFKfk,La cooptación de Walter Mazariegos en la USAC,1
UC6YSZqL0vEcI-niPKIMUGfw,/@maxwellsales885,n8iP75gIpmw,Qué rico come tu diputado,1
UC6xI_MOaxajIWpoP8BH6E_Q,/@jahirdiaz5862,s0eco-BofOs,¿Quiénes pagan más en Centroamérica?,1
UC72gBAtyb_VXQlYDcFrh6oQ,/@osmanmorales3012,n8iP75gIpmw,Qué rico come tu diputado,3
UC7IMsCxfZyWN7YQo8-JYa6Q,/@Burgos68,PjmxCj-a9Hg,Conferencia de Prensa del Gobierno de Guatemala. #LaRondaGt,2
UC7VUuJr9cGh845CmTvf7TlQ,/@LuisCastillo-oz4df,n8iP75gIpmw,Qué rico come tu diputado,1
UC7dadZG7kkGYnsNu6td0FbA,/@lesolorzano,j43HgwYFKfk,La cooptación de Walter Mazariegos en la USAC,1
UC816IGbFCZinfYS1LRDaaHg,/@ingenieroar,j43HgwYFKfk,La cooptación de Walter Mazariegos en la USAC,1
UC8F2V63KZ4ZEay6opX2hAQw,/@carmenr6311,n8iP75gIpmw,Qué rico come tu diputado,1
UC8G5cJONY8L9voMyBW8Eoug,/@luisparedes-pw6qt,n8iP75gIpmw,Qué rico come tu diputado,1
UC8r11yOugM2NuRfitQOxLLg,/@cesaraugustomoralesmonroy6907,n8iP75gIpmw,Qué rico come tu diputado,1
UC8xlJWNHz1V_W6q3fbuQH8g,/@NormaL%C3%B3pez-v7e,PjmxCj-a9Hg,Conferencia de Prensa del Gobierno de Guatemala. #LaRondaGt,1
UC95PSMouTx2N5CbSq0hIyrQ,/@lisss1908,j43HgwYFKfk,La cooptación de Walter Mazariegos en la USAC,1
UC9Wp6vL5oCU37qC3Aj94WZA,/@ManuelSanchez-b8q2z,b_Hkrkl3adA,Bloqueos en Guatemala este 31 de agosto por alza en combustibles afectan rutas principales,1
UC9vMq1YF-e7C-VO0SHkbUTA,/@ErvinLeonardoCarreraLat%C3%ADn,n8iP75gIpmw,Qué rico come tu diputado,4
UC9xr9QvIcDvoZNUX5f-jaZw,/@MariaaliciaColonmorales,n8iP75gIpmw,Qué rico come tu diputado,1
UCA93ym2TXs_Ibyxb4Vcn-6Q,/@oswaldosolis8728,n8iP75gIpmw,Qué rico come tu diputado,1
UCAKuKvcbfnBD3kF5njNu-IA,/@melvinlopez7096,j43HgwYFKfk,La cooptación de Walter Mazariegos en la USAC,1
UCAV7QIjYhbDJaycQycM_0eQ,/@mariavail8998,PjmxCj-a9Hg,Conferencia de Prensa del Gobierno de Guatemala. #LaRondaGt,1
UCAlzM_N6xBlMYmM8EBzX86Q,/@carlossoto3252,n8iP75gIpmw,Qué rico come tu diputado,1
UCAmtbUiIrUIhikru0ZoTFig,/@Aura-vf6dm,n8iP75gIpmw,Qué rico come tu diputado,1
UCAxvOOHQk7dYPOajzFEVtbA,/@ruddydepaz322,06mFNPU0aB8,Capturan a presuntos delincuentes disfrazados de mujer señalados de cometer asalto,2
UCB5p8a5gklc80jJItP6xTHg,/@ernestogamboa8737,n8iP75gIpmw,Qué rico come tu diputado,1
UCBlm80VQ4YoV3bUJR_XhkaQ,/@rosadiaz6945,OkXlHx0hx-8,EE.UU. envía a mexicanos deportados a Guatemala antes de su regreso a México | Noticias Telemundo,2
UCBtB5dIyx-C16UN8ClUD2UA,/@alexmonzon4257,is3Mk5oC19g,Capturan a ladrón que había quedado grabado mientras robaba en una parroquia de Retalhuleu,1
UCCBYcToQ2dwkd6TJh0FSyDg,/@lidiarodriguez3493,j43HgwYFKfk,La cooptación de Walter Mazariegos en la USAC,1
UCCUmP4PlbwgikVFpYwbtRTg,/@alhvi,yLZS3JiEBg8,Arroz con pollo a la MONOPOLIO,1
UCCaYwkkbQGcvFoUmothVdQQ,/@OsvaldoAguirre-l3i,n8iP75gIpmw,Qué rico come tu diputado,1
UCDIMztpVm7G27qBuiWuT6oQ,/@lizardomorataya8274,n8iP75gIpmw,Qué rico come tu diputado,1
UCDPWkUX3sNNaCx-m1dV4glA,/@hectoroliva949,n8iP75gIpmw,Qué rico come tu diputado,1
UCDQaQv0hr2SS_PO-CMEwVHg,/@federicosaquimux1933,n8iP75gIpmw,Qué rico come tu diputado,1
UCDUffaruH6dyUnUGwsTKpgg,/@luisletona2842,n8iP75gIpmw,Qué rico come tu diputado,1
UCDftMWXQoJ6nONfY7GVOVjg,/@luisgpacheco5858,n8iP75gIpmw,Qué rico come tu diputado,1
UCDlr1VadSucIZgZ171pRBjQ,/@cuabatzjj5924,n8iP75gIpmw,Qué rico come tu diputado,1
UCDrmf9y9nLgFY5wnA2hTuGA,/@laboratorio5528,j43HgwYFKfk,La cooptación de Walter Mazariegos en la USAC,1
UCEHXl4VvvVpq-_4xC5tsbhg,/@anibalg47,6W4u8sGEnGM,Inician los trabajos de recuperación del Puente Belice II.,1
UCEgEQmRbtL5fwr9_DqAC--g,/@ArielRodas-g5y,n8iP75gIpmw,Qué rico come tu diputado,1
UCErZPJpHmLCsXs8ZWkAUupQ,/@dorisl.garciaroche7763,n8iP75gIpmw,Qué rico come tu diputado,1
UCFFrEmn6lPYiWyElpfzTy5Q,/@denilsonlopez4083,is3Mk5oC19g,Capturan a ladrón que había quedado grabado mientras robaba en una parroquia de Retalhuleu,1
UCFOxCyF926Y9eHhMeVoWLzw,/@arielsarc09,lj983NWyAQY,Plan 2032 Ciudad de Guatemala,1
UCFUuDARXdmmIrLppEqf-rFg,/@allanmunoz7410,n8iP75gIpmw,Qué rico come tu diputado,1
UCFhxtoeARHPnXXPcDrOU3Xg,/@diegoalejandrolopezmendez205,n8iP75gIpmw,Qué rico come tu diputado,1
UCFjudnPLoaSL1BaRuLahyHg,/@HaroldoCastillo-rh9iw,n8iP75gIpmw,Qué rico come tu diputado,3
UCFoIAE8k82D6AV-8gjjKaNg,/@eddymunoz9789,n8iP75gIpmw,Qué rico come tu diputado,1
UCFxE8GbokBrBsPEKM1xrOjQ,/@JuanDavila-qd7qj,n8iP75gIpmw,Qué rico come tu diputado,1
UCFybmWapGvBKcQod7cPPH9w,/@vitalianochavez8382,6W4u8sGEnGM,Inician los trabajos de recuperación del Puente Belice II.,1
UCGGHbtfbbe0o68etrOf0qxw,/@karensussetteleonvargas9794,j43HgwYFKfk,La cooptación de Walter Mazariegos en la USAC,1
UCGX_UbAQOXGZknv5iqklwTA,/@ronaldgarcia8522,PjmxCj-a9Hg,Conferencia de Prensa del Gobierno de Guatemala. #LaRondaGt,1
UCGZMgmM92E3njyXNe9-kjAQ,/@pasionpornada,OkXlHx0hx-8,EE.UU. envía a mexicanos deportados a Guatemala antes de su regreso a México | Noticias Telemundo,1
UCGj2v6Gl5bN8NSrzJMXS-CA,/@juliogutierrez492,WIUZtitfLRw,Caminar en una ciudad hecha para carros,1
UCGm3gRBEHGRJYmtCryZLtDw,/@Jos%C3%A9Lopez-g6k,b_Hkrkl3adA,Bloqueos en Guatemala este 31 de agosto por alza en combustibles afectan rutas principales,1
UCGqKxQS-z3NZzZF-2w338AA,/@samuelaguilar529,lj983NWyAQY,Plan 2032 Ciudad de Guatemala,1
UCGzXwyCzMzGmjmCbH3Hg01Q,/@FidelZacarias-ph7dy,n8iP75gIpmw,Qué rico come tu diputado,1
UCHGd14aYuZZShLD73dkk6mg,/@noemiherrera3152,JkpVO1hx2f8,10 Preguntas a un año del Paro Nacional,1
UCHMQ_lDhibZ-XZ_3fo6oxwg,/@crislexrubi4387,lj983NWyAQY,Plan 2032 Ciudad de Guatemala,1
UCHTGCgY2l-DQJIvlA_cpa_Q,/@virgiliogarcia3039,PjmxCj-a9Hg,Conferencia de Prensa del Gobierno de Guatemala. #LaRondaGt,1
UCHTGCgY2l-DQJIvlA_cpa_Q,/@virgiliogarcia3039,n8iP75gIpmw,Qué rico come tu diputado,2
UCHbwIx9pmQuf7i-4_xO2EpA,/@caminoseternos752,j43HgwYFKfk,La cooptación de Walter Mazariegos en la USAC,1
UCHhHUjaMAZ8SiXdCUCj9DkQ,/@fredymendez1786,n8iP75gIpmw,Qué rico come tu diputado,2
UCHu8x4MVkayU6VgwVKd--MQ,/@Hernandez-i1o,b_Hkrkl3adA,Bloqueos en Guatemala este 31 de agosto por alza en combustibles afectan rutas principales,1
UCIUhbSCy3-SGRe5UtqM4fzQ,/@jeanmorales1677,lj983NWyAQY,Plan 2032 Ciudad de Guatemala,1
UCIXLDYqR_syskKRJy_x9W9Q,/@carlitosramirez4739,06mFNPU0aB8,Capturan a presuntos delincuentes disfrazados de mujer señalados de cometer asalto,1
UCIgoiXdIKJyUGmUoH2Lxdzg,/@susievidal4134,OkXlHx0hx-8,EE.UU. envía a mexicanos deportados a Guatemala antes de su regreso a México | Noticias Telemundo,1
UCIp19h9igblA2YKfSLPDAug,/@JoseReyes-rn6sh,lj983NWyAQY,Plan 2032 Ciudad de Guatemala,1
UCJp3OrVYcBorC94sKwdch_A,/@ULJoshmg2011,ndAZjHqzzT8,Internet: escoger el menos malo,1
UCJxJC56BSAX-ArD0NAb9qnQ,/@alfonsowilian9157,3Nfp9h5avBI,"Noticiero en Directo 1 pm, 28 de Agosto de 2026",1
UCKDR0f2fu2UzWL8mBv5-BHw,/@mireyamorales6595,n8iP75gIpmw,Qué rico come tu diputado,1
UCKVzDUqbtdSMBcexaEtMmzQ,/@rotorairgroup8409,TT4qJ5FXHYE,"I’x K’at: el primer equipo guatemalteco de pelota maya, conformado únicamente por mujeres.",1
UCL13XhnRzbGokEkCkEOb0-g,/@raquelprado3643,n8iP75gIpmw,Qué rico come tu diputado,2
UCL1MT278vSaQ83ZDkVWn1gw,/@elmorodriguez6978,n8iP75gIpmw,Qué rico come tu diputado,1
UCLFdHr9BEbXHkoJopbEPLZw,/@kanterra4584,n8iP75gIpmw,Qué rico come tu diputado,2
UCLXYp1Cvc5DLtq5UQL5D9vw,/@jorgecifuentes-m5g,06mFNPU0aB8,Capturan a presuntos delincuentes disfrazados de mujer señalados de cometer asalto,1
UCLggDc_a5HriXv7I1h02sOA,/@guillermogonzalez5153,n8iP75gIpmw,Qué rico come tu diputado,2
UCLh1Kde4_vI1sTZBkTNP7RQ,/@JoelReynoso-d4r,is3Mk5oC19g,Capturan a ladrón que había quedado grabado mientras robaba en una parroquia de Retalhuleu,1
UCN2N_wYOw6fMwCeSzdXLPIw,/@danielantoniogonzalezflore4901,PjmxCj-a9Hg,Conferencia de Prensa del Gobierno de Guatemala. #LaRondaGt,1
UCN6qbfPSzFtjhqUDZ3Cv3CQ,/@carlosmedranovelasquez6380,n8iP75gIpmw,Qué rico come tu diputado,1
UCNBnKqWf4d-rS4HwJRQljmQ,/@LE_A22,n8iP75gIpmw,Qué rico come tu diputado,2
UCNIeXbV_mEwpa412h1aqUWw,/@juandeleon9060,PjmxCj-a9Hg,Conferencia de Prensa del Gobierno de Guatemala. #LaRondaGt,3
UCNiMNUJvaRJb0_QLClqwVnA,/@Santiago.Nolasco,TT4qJ5FXHYE,"I’x K’at: el primer equipo guatemalteco de pelota maya, conformado únicamente por mujeres.",1
UCNkcuy42zEwddwEcOd_HpnA,/@vanigomez492,n8iP75gIpmw,Qué rico come tu diputado,1
UCNpt5CQlTzNjlAKY6CJtClQ,/@eustaquiogomez9975,j43HgwYFKfk,La cooptación de Walter Mazariegos en la USAC,1
UCO0zwwLWGyDgQmWPJ5Qrr1w,/@elsalvador3605,06mFNPU0aB8,Capturan a presuntos delincuentes disfrazados de mujer señalados de cometer asalto,1
UCOARn3hnfkB7-_Rwa8Hoqcw,/@nicelol5241,WIUZtitfLRw,Caminar en una ciudad hecha para carros,1
UCOLGv5Pf6BF2wFcwUzgcvHg,/@welfrealdana5559,n8iP75gIpmw,Qué rico come tu diputado,2
UCOLHH4ZpMxPYF-Q6e6wvn5A,/@luisroldan7374,OkXlHx0hx-8,EE.UU. envía a mexicanos deportados a Guatemala antes de su regreso a México | Noticias Telemundo,1
UCOS8ViEkccrTZx2w2ccxotA,/@OscarHernandez-q8y,n8iP75gIpmw,Qué rico come tu diputado,1
UCOY3XpD9qMCRSA8AA8c4CAw,/@franciscorodas9686,yLZS3JiEBg8,Arroz con pollo a la MONOPOLIO,1
UCOcUI5XkTYNMSFhZNMIPpGg,/@hendersonlopez3864,j43HgwYFKfk,La cooptación de Walter Mazariegos en la USAC,1
UCOh6DaZC_x9HASnlRylEMfw,/@AndresMedina-v1s,n8iP75gIpmw,Qué rico come tu diputado,1
UCPLW0HE3siElqCgXfgWxMqg,/@elizabethmonterroso7719,X_FAIef8qlE,Cruzando la ciudad a puro Transmetro,1
UCPNXmbOBVeC4HS-xemvcPtQ,/@BelkisRodriguezRamirez,OkXlHx0hx-8,EE.UU. envía a mexicanos deportados a Guatemala antes de su regreso a México | Noticias Telemundo,1
UCPZueDLrCS4BmTBRMA4q0fA,/@kevinochoa3695,PjmxCj-a9Hg,Conferencia de Prensa del Gobierno de Guatemala. #LaRondaGt,1
UCQIdKuZ-OzuFqy0KjGrgesg,/@lyacausa,JkpVO1hx2f8,10 Preguntas a un año del Paro Nacional,1
UCQM2tCKRRytVDRxNUfCDqQQ,/@elioelias7267,zweosulrwA8,Edén por Salud: empleo inclusivo para personas con discapacidad en Antigua | Super - Episodio 2,1
UCQMMuADgqWUOcJpLwHOzC-g,/@Ripped-Yoda,OkXlHx0hx-8,EE.UU. envía a mexicanos deportados a Guatemala antes de su regreso a México | Noticias Telemundo,1
UCQ_-LPP8JAbfkc-b1Q6NvWw,/@MegaKristenstewart,n8iP75gIpmw,Qué rico come tu diputado,2
UCQgYjVngJRfPHDLGB5X6ZjA,/@oscarnavas9996,n8iP75gIpmw,Qué rico come tu diputado,1
UCQqetiwzzmRNTM5OWuXarGQ,/@isaiaslopezvelasquez1539,n8iP75gIpmw,Qué rico come tu diputado,1
UCQqlPPUGqAfWjd-FSh_qn7Q,/@estuardoargueta137,j43HgwYFKfk,La cooptación de Walter Mazariegos en la USAC,1
UCQtICyzWmhC5woCtbNgaSmg,/@nestormendez6216,n8iP75gIpmw,Qué rico come tu diputado,2
UCQtSFINs1h6GHkpg9o5kMvg,/@MacarioMartinezruiz,n8iP75gIpmw,Qué rico come tu diputado,1
UCQyOePccUP-fIJYzchAgZYw,/@aguilar4254,j43HgwYFKfk,La cooptación de Walter Mazariegos en la USAC,1
UCRAquv8el-tQ30bN7MlmySQ,/@iamjimalesssa,j43HgwYFKfk,La cooptación de Walter Mazariegos en la USAC,1
UCRETAiYdh2dL5ZxB0_N1zDA,/@Joseroland21,n8iP75gIpmw,Qué rico come tu diputado,1
UCRcSR3Lvn9DZAmJpVPANfZQ,/@WalksandSuch,lj983NWyAQY,Plan 2032 Ciudad de Guatemala,1
UCRelkU8JiZBytTzebJxaa-w,/@danyraymundo2942,n8iP75gIpmw,Qué rico come tu diputado,1
UCRfkkatKrNtAARnXMMYBGlA,/@BernerSoza-mg3vx,6W4u8sGEnGM,Inician los trabajos de recuperación del Puente Belice II.,1
UCRlCV9zSn7avAWh-9_XFWqQ,/@ronyarana8849,n8iP75gIpmw,Qué rico come tu diputado,1
UCRvPToDkkumha7WJAfCDk1A,/@ligiaguerra3057,j43HgwYFKfk,La cooptación de Walter Mazariegos en la USAC,1
UCRznz9-N3Qc1w-qNdLSIY2Q,/@jimmygomez724,lj983NWyAQY,Plan 2032 Ciudad de Guatemala,1
UCSTAUWVc1_82DHYeqOsqEFA,/@TheAlexX_C,lj983NWyAQY,Plan 2032 Ciudad de Guatemala,1
UCSou6a2OuYGSvPjm5psquyA,/@FranciscoRivera-sf7ne,n8iP75gIpmw,Qué rico come tu diputado,1
UCTD6q1nyIe3Y7HhqjaMj72w,/@JuanChang-r6k,n8iP75gIpmw,Qué rico come tu diputado,1
UCTP3O0rMnc8z8v8jaDQwL0w,/@RobertoZelaya-x1v,n8iP75gIpmw,Qué rico come tu diputado,1
UCTTILH6QCIxbTnEWxwRqs1g,/@3762Jorge,yLZS3JiEBg8,Arroz con pollo a la MONOPOLIO,1
UCThW2XNsAaBKme5PUt7n-Zg,/@thelmamoran8565,n8iP75gIpmw,Qué rico come tu diputado,1
UCTwSut16JyAg3mX6LVUNGqA,/@SuperVictor2005,n8iP75gIpmw,Qué rico come tu diputado,1
UCTylKrsqkrBKIqubMu_5N0Q,/@edwingeovanymarroquinmarro6684,n8iP75gIpmw,Qué rico come tu diputado,1
UCUIIIPTVDVHAXqhC_5V6lPA,/@gorrarota,n8iP75gIpmw,Qué rico come tu diputado,1
UCUoYsrx1oZnCZ0usbBJn4fA,/@AnaDiaz-re9sq,j43HgwYFKfk,La cooptación de Walter Mazariegos en la USAC,1
UCV0iizTBoOfdAFX_thfI9BA,/@BenjaminLarios-jd8nk,n8iP75gIpmw,Qué rico come tu diputado,1
UCV0lM03g5fg5pbPj97-sAtA,/@genarodelgado3929,j43HgwYFKfk,La cooptación de Walter Mazariegos en la USAC,1
UCV3fr-YOixFKCZBbJP1-X4w,/@albertoshernandez5251,6W4u8sGEnGM,Inician los trabajos de recuperación del Puente Belice II.,5
UCVC2QugcI1G4RvlCiUqd1aQ,/@rwdm76,ndAZjHqzzT8,Internet: escoger el menos malo,2
UCVQf0tzL7xRzFJsABVVULpg,/@DennisseLopetegi,PjmxCj-a9Hg,Conferencia de Prensa del Gobierno de Guatemala. #LaRondaGt,1
UCVdjCrh4tQoX3haNAZv-n5A,/@aurahernandez5646,OkXlHx0hx-8,EE.UU. envía a mexicanos deportados a Guatemala antes de su regreso a México | Noticias Telemundo,1
UCVhif9eV0f8plICen2DnpKA,/@blogarteplus,WIUZtitfLRw,Caminar en una ciudad hecha para carros,1
UCW-JC6lebVmf2P1dmY_L94g,/@dinoraoroxon5771,j43HgwYFKfk,La cooptación de Walter Mazariegos en la USAC,1
UCW80DaMjQlEUibC98Cot-Dg,/@rogeraldana4289,j43HgwYFKfk,La cooptación de Walter Mazariegos en la USAC,1
UCWIZUtKJ636y-4TYrNvok0g,/@cesarandreas7824,n8iP75gIpmw,Qué rico come tu diputado,1
UCWWkebAekppaL5b5CNlppuw,/@ninettmartinez425,JkpVO1hx2f8,10 Preguntas a un año del Paro Nacional,1
UCWaRixDdpgllTBf4V0jPnKQ,/@hectormaaz5523,6W4u8sGEnGM,Inician los trabajos de recuperación del Puente Belice II.,2
UCWoAVGVqCn4xtINCMOTM4jg,/@OmarMartinez-vv8re,j43HgwYFKfk,La cooptación de Walter Mazariegos en la USAC,1
UCWvntqPQx99k_Z_skWKqNSA,/@AntonioChiyal-x5s,6W4u8sGEnGM,Inician los trabajos de recuperación del Puente Belice II.,1
UCXN2s7DwTJm33xO-pNkAdaA,/@edithsan7688,06mFNPU0aB8,Capturan a presuntos delincuentes disfrazados de mujer señalados de cometer asalto,1
UCXO1BBohNWXkK9SBDAG2ySg,/@JBFlute92,yLZS3JiEBg8,Arroz con pollo a la MONOPOLIO,1
UCXSkL3ejZ8qWYyF_M7s_QKA,/@JacintaTzoy,n8iP75gIpmw,Qué rico come tu diputado,1
UCXVLc8CmAO813ubM-fLvCDw,/@herminiasaquimux7565,yLZS3JiEBg8,Arroz con pollo a la MONOPOLIO,1
UCXXh7yg5KUFIWylTiKVEFKQ,/@MrDuenderojo,n8iP75gIpmw,Qué rico come tu diputado,2
UCXgr7vXlRrsaskPdo097kGA,/@Rogergh-nw4oj,n8iP75gIpmw,Qué rico come tu diputado,1
UCXl30Y_upRqbti52fmjK4YA,/@capitanfrans,yLZS3JiEBg8,Arroz con pollo a la MONOPOLIO,1
UCXmrpc6Li0spcKxtS0Q_ptg,/@melvinperez6710,lj983NWyAQY,Plan 2032 Ciudad de Guatemala,1
UCXr8_5WtGeipe4haOoQDgyQ,/@amyherrera7352,n8iP75gIpmw,Qué rico come tu diputado,1
UCY7Hq7F9Lnucf-Yr6JkHZNw,/@maynorcalel1442,lj983NWyAQY,Plan 2032 Ciudad de Guatemala,1
UCYN4wSQ1Sx4_LurxLlW7MPg,/@belarminavillatoro6474,n8iP75gIpmw,Qué rico come tu diputado,1
UCYwpX26TrCxq8TvbKGRYLXA,/@beneficioelcaminovillacana8540,n8iP75gIpmw,Qué rico come tu diputado,1
UCZ51R_9Q9C0c8I3pAWhtmjQ,/@belvettzapeta1251,n8iP75gIpmw,Qué rico come tu diputado,1
UCZFQwqh90apuL8eFhvRBkUg,/@luisricardo9671,6W4u8sGEnGM,Inician los trabajos de recuperación del Puente Belice II.,1
UCZIQnb1fkwe39Iw2TAu-bGA,/@jorgegomez2237,WIUZtitfLRw,Caminar en una ciudad hecha para carros,1
UCZLG9qH0tUjNhEGFIUt0CYw,/@SoniaMarroquin-y6e,n8iP75gIpmw,Qué rico come tu diputado,1
UCZOmq6MwFDVoCaEl99BRRaw,/@daniloarevalo3170,ndAZjHqzzT8,Internet: escoger el menos malo,1
UCZeIIQrGAedW8tCbKWmGY-A,/@mariocordon8873,j43HgwYFKfk,La cooptación de Walter Mazariegos en la USAC,1
UCZjm6U576nX8WOiLhmMR3bw,/@MariaNavarroYT,OkXlHx0hx-8,EE.UU. envía a mexicanos deportados a Guatemala antes de su regreso a México | Noticias Telemundo,1
UC_3xuTXvMIWU5MYP9HkJ3vQ,/@Historia-wm4os,06mFNPU0aB8,Capturan a presuntos delincuentes disfrazados de mujer señalados de cometer asalto,1
UC_6KbBY1bsYXz9fwFS0eQRg,/@imrcp5694,ndAZjHqzzT8,Internet: escoger el menos malo,1
UC_LYoGs5C3mbZKZuKuqYCvw,/@javiercifuentesarchila6041,j43HgwYFKfk,La cooptación de Walter Mazariegos en la USAC,1
UC_NRVt2UP88ZNTwzrZ66JSg,/@aditalissethevasquezrojas8039,UhL9y3KUl8E,SHAI WA: la vecina queer de Casa Presidencial,1
UC_ljZ1hZXR9pzexFz87P5ZA,/@ChRiStOpHeR7969,lj983NWyAQY,Plan 2032 Ciudad de Guatemala,1
UCa36MjQLoPAmgJo-R3G8WQA,/@elsasalguero6914,6W4u8sGEnGM,Inician los trabajos de recuperación del Puente Belice II.,1
UCaKAjTW9MVub_clgr4DRYjQ,/@josecastillo4390,j43HgwYFKfk,La cooptación de Walter Mazariegos en la USAC,1
UCaT4saRcyqCLE657Rq2hhZQ,/@elmilenial4064,6W4u8sGEnGM,Inician los trabajos de recuperación del Puente Belice II.,1
UCaT6M2zp7X6r6Whd8Vv3kHQ,/@alexarcos8349,lj983NWyAQY,Plan 2032 Ciudad de Guatemala,1
UCat2qkYvqmtDNEmo2PVuhXw,/@DoraSalas-j5o,OkXlHx0hx-8,EE.UU. envía a mexicanos deportados a Guatemala antes de su regreso a México | Noticias Telemundo,1
UCbNanjFI51cwGqMAb2rOrBw,/@RosaMontesdeOca777,OkXlHx0hx-8,EE.UU. envía a mexicanos deportados a Guatemala antes de su regreso a México | Noticias Telemundo,1
UCbYoNG5J3Au5BqtbXogfEFw,/@Luis-gn3fj,PjmxCj-a9Hg,Conferencia de Prensa del Gobierno de Guatemala. #LaRondaGt,1
UCbrtvygfRT6QXqWDNrOf-cA,/@Alejandro00710,ndAZjHqzzT8,Internet: escoger el menos malo,1
UCbrtvygfRT6QXqWDNrOf-cA,/@Alejandro00710,yLZS3JiEBg8,Arroz con pollo a la MONOPOLIO,1
UCcFIBN-rtC3d3hXeuN5TfWw,/@DenisRMC,yLZS3JiEBg8,Arroz con pollo a la MONOPOLIO,1
UCc_F88PzGWtA1OPNUEASulA,/@rockyscarlet,yLZS3JiEBg8,Arroz con pollo a la MONOPOLIO,1
UCcfdg8crmMJwEuLUsAhV7yg,/@RolandoRaguay,n8iP75gIpmw,Qué rico come tu diputado,1
UCdFlugHJJa4l3YqWuNRmvXw,/@MarcosCarillo-b1r,is3Mk5oC19g,Capturan a ladrón que había quedado grabado mientras robaba en una parroquia de Retalhuleu,1
UCdFlugHJJa4l3YqWuNRmvXw,/@MarcosCarillo-b1r,j43HgwYFKfk,La cooptación de Walter Mazariegos en la USAC,1
UCdQAuWwyC99MB7Y02Umj26Q,/@miguelbran1268,yLZS3JiEBg8,Arroz con pollo a la MONOPOLIO,1
UCe8JZoYkX5oKUZyivHYdXhw,/@FernandoGarcia-jg1fj,j43HgwYFKfk,La cooptación de Walter Mazariegos en la USAC,1
UCeDNEtI8_a42bZ47wJiJMwQ,/@EdgarcalderonCalderong,j43HgwYFKfk,La cooptación de Walter Mazariegos en la USAC,1
UCeQk-WfEA-cJRq4EKeE7TOw,/@franciscojuarez9223,6W4u8sGEnGM,Inician los trabajos de recuperación del Puente Belice II.,1
UCefAH1MbvADWUjE9WVcB9EQ,/@jabriz8152,yLZS3JiEBg8,Arroz con pollo a la MONOPOLIO,1
UCf5lnNZF7Qrtli9v4N_23WQ,/@CarlosCortez-v5r,PjmxCj-a9Hg,Conferencia de Prensa del Gobierno de Guatemala. #LaRondaGt,1
UCfM3nrxtTQMY5jFx1v1J4Gg,/@edgarroldan5539,n8iP75gIpmw,Qué rico come tu diputado,1
UCfRqgt2O-vjzUDMZY_tnxQw,/@Williams-Garcia67E,is3Mk5oC19g,Capturan a ladrón que había quedado grabado mientras robaba en una parroquia de Retalhuleu,1
UCfXykdbSU97rj987LDUGfvg,/@MariaSantos-c8y3h,06mFNPU0aB8,Capturan a presuntos delincuentes disfrazados de mujer señalados de cometer asalto,1
UCfjhejO7LZy4doXURa7LZCQ,/@HonwayLee-z5g,06mFNPU0aB8,Capturan a presuntos delincuentes disfrazados de mujer señalados de cometer asalto,1
UCfo_yUPzy1f1POwwZxhZ06Q,/@lara11roberto,6W4u8sGEnGM,Inician los trabajos de recuperación del Puente Belice II.,1
UCg3eIfd7BrsLEqS0BLkftHA,/@ErmeP%C3%A9rez-q4s,PjmxCj-a9Hg,Conferencia de Prensa del Gobierno de Guatemala. #LaRondaGt,3
UCgGqw4aqMdMVSGkKiMgrJRQ,/@pattyfigueroa5609,6W4u8sGEnGM,Inician los trabajos de recuperación del Puente Belice II.,1
UCgJNFj5dnxXpcMvmuhZDPxA,/@NataliaRodriguez-rx5mr,j43HgwYFKfk,La cooptación de Walter Mazariegos en la USAC,1
UCgLrWFdYitoP-b7-PxtUr-w,/@zetag,lj983NWyAQY,Plan 2032 Ciudad de Guatemala,1
UCgLurCo-e019HGODcjXHWCw,/@perritojuega1,lj983NWyAQY,Plan 2032 Ciudad de Guatemala,1
UCgQJgI9vu1FI2dnC9mrFthw,/@srms70,PjmxCj-a9Hg,Conferencia de Prensa del Gobierno de Guatemala. #LaRondaGt,1
UCgQw_Sbq3ugruDUKsq1e0-A,/@marlenareano-h4t,j43HgwYFKfk,La cooptación de Walter Mazariegos en la USAC,1
UCgvw7xIdGFupzpt1Y_BFkEA,/@fredygarcia9151,n8iP75gIpmw,Qué rico come tu diputado,1
UCh5ESQvtzyHDhCA7XyekCFA,/@andyB5280,n8iP75gIpmw,Qué rico come tu diputado,3
UChT7pzGytNd92Nmvi-zuWog,/@sparkvalkov,yLZS3JiEBg8,Arroz con pollo a la MONOPOLIO,1
UChZknRmJkeGeQk0-mQuhDOg,/@OdilioRodr%C3%ADguez-c5w,n8iP75gIpmw,Qué rico come tu diputado,1
UCheEJ5GZuIvV0fj-nXyVwXw,/@rosaoliva9389,6W4u8sGEnGM,Inician los trabajos de recuperación del Puente Belice II.,1
UChep9kVb5gQmpodEEl10Xlg,/@carlosaguilar-kz7ml,n8iP75gIpmw,Qué rico come tu diputado,1
UChgkn5Jt5tWKYMoEOuCjz3Q,/@pablochitay46,n8iP75gIpmw,Qué rico come tu diputado,1
UChs3tU2BcKOT0CezykvAsGw,/@byronpontaza,n8iP75gIpmw,Qué rico come tu diputado,3
UChyps3dqY-VY1_wLeq-2lhw,/@maydamorales4395,6W4u8sGEnGM,Inician los trabajos de recuperación del Puente Belice II.,1
UCi-vPdnpQreC7BkFs40mJGA,/@bryansicasales4280,lj983NWyAQY,Plan 2032 Ciudad de Guatemala,1
UCi1b_TRQfgO1Z9O2gNGGWNA,/@davidisraelesquitsaquil,n8iP75gIpmw,Qué rico come tu diputado,2
UCi2KiZq63sRq8Mfbcp-MelQ,/@eugeneramirez4405,OkXlHx0hx-8,EE.UU. envía a mexicanos deportados a Guatemala antes de su regreso a México | Noticias Telemundo,6
UCiC-Jn7wdgyQV4_Urk0DkWQ,/@pedroros6358,j43HgwYFKfk,La cooptación de Walter Mazariegos en la USAC,1
UCiGRBf2RNF0WRKhRVT7zFoA,/@edwinavila4876,n8iP75gIpmw,Qué rico come tu diputado,1
UCiMythXHsw7eQEMykCdmMUA,/@JavierBecerra-h6x,n8iP75gIpmw,Qué rico come tu diputado,1
UCiOZX__1gahg1ypIj0_XG_w,/@mariogonzalezorellana8956,6W4u8sGEnGM,Inician los trabajos de recuperación del Puente Belice II.,1
UCipetjeiWj4CZB6EbyYziZg,/@OseasSamayoa-ol5rz,n8iP75gIpmw,Qué rico come tu diputado,1
UCj-LL25XJnjxepPKCc3NGog,/@anaaguirre8985,n8iP75gIpmw,Qué rico come tu diputado,1
UCjJf-AJKRFFWtiN-CSwkDmA,/@2jose82,ndAZjHqzzT8,Internet: escoger el menos malo,1
UCjSKM9j0Q7HLDr1hD6D-TUw,/@josehidalgo4875,n8iP75gIpmw,Qué rico come tu diputado,1
UCjZgFEowMBrsjodqfovzdKw,/@franciscoflores3120,06mFNPU0aB8,Capturan a presuntos delincuentes disfrazados de mujer señalados de cometer asalto,1
UCjZgFEowMBrsjodqfovzdKw,/@franciscoflores3120,6W4u8sGEnGM,Inician los trabajos de recuperación del Puente Belice II.,1
UCjmPuazZJzscrwvk0QR9RVw,/@mynorrodas8591,n8iP75gIpmw,Qué rico come tu diputado,1
UCk4O-J1BhoqPmig1KLGJePA,/@lazarobarillas3575,is3Mk5oC19g,Capturan a ladrón que había quedado grabado mientras robaba en una parroquia de Retalhuleu,1
UCkVtmkK07b2zaVVNssX4lOg,/@HectorElias-u2l,j43HgwYFKfk,La cooptación de Walter Mazariegos en la USAC,1
UCkbsS_3D-pvg1iHOld9uvIg,/@gonzalo6075,j43HgwYFKfk,La cooptación de Walter Mazariegos en la USAC,1
UCkd9W714-947dEE6ZOEBATA,/@ARGELIATELON,n8iP75gIpmw,Qué rico come tu diputado,2
UCkxdJ_yGN2gghOMo2ybQtXQ,/@11223344An,yLZS3JiEBg8,Arroz con pollo a la MONOPOLIO,1
UCl0ekS9Tt0jJGtOEM18S63w,/@monkchapin,n8iP75gIpmw,Qué rico come tu diputado,1
UCld2stqxaVSk0QdGncM224A,/@sarahernandez3873,TT4qJ5FXHYE,"I’x K’at: el primer equipo guatemalteco de pelota maya, conformado únicamente por mujeres.",1
UClhMWQ7XKWywYvbRnuf8QsA,/@EcPerez-zz9oh,j43HgwYFKfk,La cooptación de Walter Mazariegos en la USAC,1
UCljDbleJul41G1TzOjOZAVA,/@hectorcarranza3777,n8iP75gIpmw,Qué rico come tu diputado,1
UClqA491Xa5fQcXcJJa-vTWw,/@AndresLemus-k2d,j43HgwYFKfk,La cooptación de Walter Mazariegos en la USAC,1
UClsrFGJKWPxxw7MiaEdKLXw,/@ericapaz5406,PjmxCj-a9Hg,Conferencia de Prensa del Gobierno de Guatemala. #LaRondaGt,1
UCmjppp6ujz3SAnULvP3sZMw,/@marcomendez7509,n8iP75gIpmw,Qué rico come tu diputado,1
UCmvOgzmmXbjUthHy-WJ52hQ,/@mariorodas593,n8iP75gIpmw,Qué rico come tu diputado,1
UCnU8wO1OurAmGstDw6VGjgQ,/@cmorera21,ndAZjHqzzT8,Internet: escoger el menos malo,1
UCoGdCoJg2Lh0OX_jv6cG16g,/@Israel-u5i7i,6W4u8sGEnGM,Inician los trabajos de recuperación del Puente Belice II.,2
UColMq7LmaoY3MT6aIDGrGvA,/@quijotachapina1,j43HgwYFKfk,La cooptación de Walter Mazariegos en la USAC,1
UCozFYHN0e_-vlQbX3wQGOug,/@jesusguzman2321,OkXlHx0hx-8,EE.UU. envía a mexicanos deportados a Guatemala antes de su regreso a México | Noticias Telemundo,1
UCp29O_C7cchZV8IxV7Crdag,/@robertoescobar5507,6W4u8sGEnGM,Inician los trabajos de recuperación del Puente Belice II.,2
UCp4iw5_5SmV9VGTFSNVGOmQ,/@CARLOSSTREMS51,n8iP75gIpmw,Qué rico come tu diputado,1
UCpIdtvoFHVLGASGB5ySqIEA,/@VidalVillatoro-p4w,n8iP75gIpmw,Qué rico come tu diputado,1
UCp_dAUfv8i3LW3zWc24dLaQ,/@MarioCortez-o6v,OkXlHx0hx-8,EE.UU. envía a mexicanos deportados a Guatemala antes de su regreso a México | Noticias Telemundo,1
UCpe5jW3MIqkgTJ-PgkzvM6Q,/@carloslam5333,j43HgwYFKfk,La cooptación de Walter Mazariegos en la USAC,1
UCpl8rF8uv_8uui-QRvuJaRA,/@SergioGarcia-z9c,n8iP75gIpmw,Qué rico come tu diputado,1
UCplrIQtaPj6au60_f2-mOYw,/@romeolopezherrarte799,n8iP75gIpmw,Qué rico come tu diputado,1
UCpsKOkt5iWTbenzeuq7dsmQ,/@inge_vergueta,j43HgwYFKfk,La cooptación de Walter Mazariegos en la USAC,1
UCpsKOkt5iWTbenzeuq7dsmQ,/@inge_vergueta,n8iP75gIpmw,Qué rico come tu diputado,1
UCpsKOkt5iWTbenzeuq7dsmQ,/@inge_vergueta,ndAZjHqzzT8,Internet: escoger el menos malo,1
UCq3mDTTRZnUybct5M9OSXbg,/@MacoMorales-i2i2d,06mFNPU0aB8,Capturan a presuntos delincuentes disfrazados de mujer señalados de cometer asalto,1
UCqCrvuoJpC-aVb0f4logQRQ,/@Lyrics_GT,j43HgwYFKfk,La cooptación de Walter Mazariegos en la USAC,1
UCqilIa8r7iek5sGYg_q6ofA,/@rolandojuchuna484,lj983NWyAQY,Plan 2032 Ciudad de Guatemala,1
UCql1n3Ey6ULMSOACjMe-fxQ,/@RolandoGonzalez-o7g,6W4u8sGEnGM,Inician los trabajos de recuperación del Puente Belice II.,1
UCr1emrogPKkKTs_WTtx71xg,/@domingopeneleu6457,n8iP75gIpmw,Qué rico come tu diputado,1
UCrJn_rbo_ENAdeqneS-RmRw,/@josecarrera9623,n8iP75gIpmw,Qué rico come tu diputado,2
UCrqXyRsg-_hTosURZ-uvoKg,/@flornolberto2425,OkXlHx0hx-8,EE.UU. envía a mexicanos deportados a Guatemala antes de su regreso a México | Noticias Telemundo,1
UCsGoJEvb-cFPZ2rWoJcXzEQ,/@sergiohinestroza9709,j43HgwYFKfk,La cooptación de Walter Mazariegos en la USAC,1
UCsJJAvrVGupdmhOqgtDp8dg,/@nestorlorenzana1168,n8iP75gIpmw,Qué rico come tu diputado,1
UCsSXdJct-nsS8DsABoEsaYA,/@Iv%C3%A1nP%C3%A9rez-j4j,n8iP75gIpmw,Qué rico come tu diputado,1
UCsUCN0Yq_UyTvKjOJLmNrnQ,/@moisesvaldez4043,b_Hkrkl3adA,Bloqueos en Guatemala este 31 de agosto por alza en combustibles afectan rutas principales,1
UCsUCN0Yq_UyTvKjOJLmNrnQ,/@moisesvaldez4043,n8iP75gIpmw,Qué rico come tu diputado,1
UCs_5qeqdku9tGAq22y3OcuQ,/@alexandrevasquez4135,lj983NWyAQY,Plan 2032 Ciudad de Guatemala,1
UCsjs5Hp_r86x1xbK6FAeqaA,/@alvaroesquivel563,n8iP75gIpmw,Qué rico come tu diputado,1
UCtCtts20bW6F9CSohau51Iw,/@carlosgranados9875,6W4u8sGEnGM,Inician los trabajos de recuperación del Puente Belice II.,2
UCtMBF_1O2jY2INlb_luuB_A,/@mynorgudiel8646,lj983NWyAQY,Plan 2032 Ciudad de Guatemala,1
UCtNfIBnc5S5DbbQj_yxgJTw,/@JosueRamirez-ey3ih,n8iP75gIpmw,Qué rico come tu diputado,1
UCtNyHmRZtvGF2hSvI2dUBWw,/@aureliomaldonado4793,PjmxCj-a9Hg,Conferencia de Prensa del Gobierno de Guatemala. #LaRondaGt,2
UCtUR3_CAiE7fCoZHM6cMfyQ,/@mdelcid01,n8iP75gIpmw,Qué rico come tu diputado,1
UCtiHFjFu7d5v2XxHnKFUYig,/@Paul-gf7ec,OkXlHx0hx-8,EE.UU. envía a mexicanos deportados a Guatemala antes de su regreso a México | Noticias Telemundo,1
UCtowGNY2lnlg6O2CkwDgkLg,/@taniagabrielacelis8434,TT4qJ5FXHYE,"I’x K’at: el primer equipo guatemalteco de pelota maya, conformado únicamente por mujeres.",1
UCtsxPYw8VUsH_FfnKg-0lmw,/@AlejandroP%C3%A9rez-b6r,6W4u8sGEnGM,Inician los trabajos de recuperación del Puente Belice II.,1
UCu8_3-Wg-YzNyvHYQDEscfw,/@RolandoCastroP%C3%A9rez-d7y,j43HgwYFKfk,La cooptación de Walter Mazariegos en la USAC,1
UCuP4UK33HKtJE_S39ksmaTw,/@herbertaguilar1387,PjmxCj-a9Hg,Conferencia de Prensa del Gobierno de Guatemala. #LaRondaGt,1
UCuXmOjxC-htcprLgeVXz6Tg,/@jorgeaguilar-bq3uj,j43HgwYFKfk,La cooptación de Walter Mazariegos en la USAC,1
UCueV9cTyTDwgQSec1x2dYgA,/@fredydomingo7062,n8iP75gIpmw,Qué rico come tu diputado,1
UCujPF2nBgsTD62nWE3lcpIg,/@victorarturoruanobautista7588,n8iP75gIpmw,Qué rico come tu diputado,1
UCusjriFsDHEc2AOjqk-p5ig,/@pablobarrios7931,PjmxCj-a9Hg,Conferencia de Prensa del Gobierno de Guatemala. #LaRondaGt,1
UCut6b9S98nv84cVX89PmKzA,/@yeniferaguirre4498,n8iP75gIpmw,Qué rico come tu diputado,2
UCvApqeCbLod-wejtT4CcVuA,/@davidgaher9550,n8iP75gIpmw,Qué rico come tu diputado,1
UCvDwJBBY1mHK70aTEYl6rsA,/@cristianescobedo8296,6W4u8sGEnGM,Inician los trabajos de recuperación del Puente Belice II.,1
UCvcu1kR8xMYy_I1Ty-2mV2Q,/@hashojea7348,WIUZtitfLRw,Caminar en una ciudad hecha para carros,1
UCvcu1kR8xMYy_I1Ty-2mV2Q,/@hashojea7348,ndAZjHqzzT8,Internet: escoger el menos malo,2
UCvcu1kR8xMYy_I1Ty-2mV2Q,/@hashojea7348,yLZS3JiEBg8,Arroz con pollo a la MONOPOLIO,1
UCvl1tzQeBeGy6efPTRJXSCw,/@RaulPerez-cw2vi,06mFNPU0aB8,Capturan a presuntos delincuentes disfrazados de mujer señalados de cometer asalto,1
UCwCfs-2zbD5k0lG-UVg_JBw,/@JessicaHuaz-96,06mFNPU0aB8,Capturan a presuntos delincuentes disfrazados de mujer señalados de cometer asalto,1
UCwEe1RKlEv1UpNWmWYfSh4w,/@marioramirez299,yLZS3JiEBg8,Arroz con pollo a la MONOPOLIO,1
UCwO2SXr0ggzwg6QWWrr01nQ,/@ricardofigueroa5720,n8iP75gIpmw,Qué rico come tu diputado,1
UCwUAv3_LpWVtTIi7lkmTL7A,/@kingr4706,lj983NWyAQY,Plan 2032 Ciudad de Guatemala,1
UCwW2OFy95P7ZBkOPxWkpvYg,/@TeresaLucero-b5o,n8iP75gIpmw,Qué rico come tu diputado,2
UCwgCc9Jd_gG-uLE_SY-FfPg,/@armindapenados2841,j43HgwYFKfk,La cooptación de Walter Mazariegos en la USAC,1
UCwha8rxULYMVtNwZWeSkE1A,/@mariasamo8637,n8iP75gIpmw,Qué rico come tu diputado,1
UCwjUvRseNtJoItylIyIez7Q,/@Silviazea,j43HgwYFKfk,La cooptación de Walter Mazariegos en la USAC,1
UCwxoKK59nGCeBqB2sXfDBIw,/@vic-bonivideos,6W4u8sGEnGM,Inician los trabajos de recuperación del Puente Belice II.,1
UCxKR3RA8T-kxMgq_2WWhRcQ,/@elenaluarca9377,lj983NWyAQY,Plan 2032 Ciudad de Guatemala,1
UCxcoDvP-g2_KTZDmVZtvb3w,/@angelmartinez9523,yLZS3JiEBg8,Arroz con pollo a la MONOPOLIO,1
UCxff05WuyvwELNITi7bj7UA,/@markoherrera,n8iP75gIpmw,Qué rico come tu diputado,1
UCxhtlxPV8AYWaNNyU6S9H8Q,/@WilR-s8r,OkXlHx0hx-8,EE.UU. envía a mexicanos deportados a Guatemala antes de su regreso a México | Noticias Telemundo,1
UCyJhqmMbsvjpoarBBStA2kg,/@Murmullodelbarrio,6W4u8sGEnGM,Inician los trabajos de recuperación del Puente Belice II.,6
UCySYJU5kUh7X8gVt9la2ISA,/@dantesarti4351,n8iP75gIpmw,Qué rico come tu diputado,1
UCyW68EGZey4ao_Vf2cR5Ztg,/@ZabalaXabier,WIUZtitfLRw,Caminar en una ciudad hecha para carros,1
UCylqlpsh8ENNM1LqgQ1KbxA,/@Jel.Awesh.M,j43HgwYFKfk,La cooptación de Walter Mazariegos en la USAC,2
UCylqlpsh8ENNM1LqgQ1KbxA,/@Jel.Awesh.M,n8iP75gIpmw,Qué rico come tu diputado,1
UCyor0Mmm0ivLX2jIdyGp84Q,/@MiguelJordan-n3g,3Nfp9h5avBI,"Noticiero en Directo 1 pm, 28 de Agosto de 2026",1
UCyzf29IYjNw67gGIfsjgtxA,/@carlosoliva9249,lj983NWyAQY,Plan 2032 Ciudad de Guatemala,1
UCz3gu01bmjNv0DpRq-K3XYg,/@eusebiovasquez4385,n8iP75gIpmw,Qué rico come tu diputado,2
UCzSfZlOVxBSs5ObD25ywxDQ,/@GilmarMaldonado-q9m,n8iP75gIpmw,Qué rico come tu diputado,1
UCzZ6dDCEsLMXbc5pCFXIprw,/@josegil3813,6W4u8sGEnGM,Inician los trabajos de recuperación del Puente Belice II.,1
UCzZ6dDCEsLMXbc5pCFXIprw,/@josegil3813,PjmxCj-a9Hg,Conferencia de Prensa del Gobierno de Guatemala. #LaRondaGt,1
UCzoL2l5H5eVlorWGH8AZfAg,/@jor77cas,n8iP75gIpmw,Qué rico come tu diputado,1
